Geo,Event Year,Date,Day,Name,Type
oman,2000,1 Jan,Saturday,New Year,Public Holiday
oman,2000,8 Jan,Saturday,Eid al-Fitr,Public Holiday
oman,2000,9 Jan,Sunday,Eid al-Fitr Holiday,Public Holiday
oman,2000,10 Jan,Monday,Eid al-Fitr Holiday,Public Holiday
oman,2000,16 Mar,Thursday,Eid al-Adha,Public Holiday
oman,2000,17 Mar,Friday,Eid al-Adha Holiday,Public Holiday
oman,2000,18 Mar,Saturday,Eid al-Adha Holiday,Public Holiday
oman,2000,19 Mar,Sunday,Eid al-Adha Holiday,Public Holiday
oman,2000,20 Mar,Monday,March Equinox,Season
oman,2000,21 Jun,Wednesday,June Solstice,Season
oman,2000,23 Jul,Sunday,Renaissance Day,Public Holiday
oman,2000,22 Sep,Friday,September Equinox,Season
oman,2000,26 Oct,Thursday,Isra and Mi'raj,Public Holiday
oman,2000,18 Nov,Saturday,National Day,Public Holiday
oman,2000,21 Dec,Thursday,December Solstice,Season
oman,2000,28 Dec,Thursday,Eid al-Fitr,Public Holiday
oman,2000,29 Dec,Friday,Eid al-Fitr Holiday,Public Holiday
oman,2000,30 Dec,Saturday,Eid al-Fitr Holiday,Public Holiday
oman,2001,1 Jan,Monday,New Year,Public Holiday
oman,2001,6 Mar,Tuesday,Eid al-Adha,Public Holiday
oman,2001,7 Mar,Wednesday,Eid al-Adha Holiday,Public Holiday
oman,2001,8 Mar,Thursday,Eid al-Adha Holiday,Public Holiday
oman,2001,9 Mar,Friday,Eid al-Adha Holiday,Public Holiday
oman,2001,20 Mar,Tuesday,March Equinox,Season
oman,2001,21 Jun,Thursday,June Solstice,Season
oman,2001,23 Jul,Monday,Renaissance Day,Public Holiday
oman,2001,23 Sep,Sunday,September Equinox,Season
oman,2001,15 Oct,Monday,Isra and Mi'raj,Public Holiday
oman,2001,18 Nov,Sunday,National Day,Public Holiday
oman,2001,17 Dec,Monday,Eid al-Fitr,Public Holiday
oman,2001,18 Dec,Tuesday,Eid al-Fitr Holiday,Public Holiday
oman,2001,19 Dec,Wednesday,Eid al-Fitr Holiday,Public Holiday
oman,2001,21 Dec,Friday,December Solstice,Season
oman,2002,1 Jan,Tuesday,New Year,Public Holiday
oman,2002,23 Feb,Saturday,Eid al-Adha,Public Holiday
oman,2002,24 Feb,Sunday,Eid al-Adha Holiday,Public Holiday
oman,2002,25 Feb,Monday,Eid al-Adha Holiday,Public Holiday
oman,2002,26 Feb,Tuesday,Eid al-Adha Holiday,Public Holiday
oman,2002,20 Mar,Wednesday,March Equinox,Season
oman,2002,21 Jun,Friday,June Solstice,Season
oman,2002,23 Jul,Tuesday,Renaissance Day,Public Holiday
oman,2002,23 Sep,Monday,September Equinox,Season
oman,2002,4 Oct,Friday,Isra and Mi'raj,Public Holiday
oman,2002,18 Nov,Monday,National Day,Public Holiday
oman,2002,6 Dec,Friday,Eid al-Fitr,Public Holiday
oman,2002,7 Dec,Saturday,Eid al-Fitr Holiday,Public Holiday
oman,2002,8 Dec,Sunday,Eid al-Fitr Holiday,Public Holiday
oman,2002,22 Dec,Sunday,December Solstice,Season
oman,2003,1 Jan,Wednesday,New Year,Public Holiday
oman,2003,12 Feb,Wednesday,Eid al-Adha,Public Holiday
oman,2003,13 Feb,Thursday,Eid al-Adha Holiday,Public Holiday
oman,2003,14 Feb,Friday,Eid al-Adha Holiday,Public Holiday
oman,2003,15 Feb,Saturday,Eid al-Adha Holiday,Public Holiday
oman,2003,21 Mar,Friday,March Equinox,Season
oman,2003,21 Jun,Saturday,June Solstice,Season
oman,2003,23 Jul,Wednesday,Renaissance Day,Public Holiday
oman,2003,23 Sep,Tuesday,September Equinox,Season
oman,2003,24 Sep,Wednesday,Isra and Mi'raj,Public Holiday
oman,2003,18 Nov,Tuesday,National Day,Public Holiday
oman,2003,26 Nov,Wednesday,Eid al-Fitr,Public Holiday
oman,2003,27 Nov,Thursday,Eid al-Fitr Holiday,Public Holiday
oman,2003,28 Nov,Friday,Eid al-Fitr Holiday,Public Holiday
oman,2003,22 Dec,Monday,December Solstice,Season
oman,2004,1 Jan,Thursday,New Year,Public Holiday
oman,2004,2 Feb,Monday,Eid al-Adha,Public Holiday
oman,2004,3 Feb,Tuesday,Eid al-Adha Holiday,Public Holiday
oman,2004,4 Feb,Wednesday,Eid al-Adha Holiday,Public Holiday
oman,2004,5 Feb,Thursday,Eid al-Adha Holiday,Public Holiday
oman,2004,20 Mar,Saturday,March Equinox,Season
oman,2004,21 Jun,Monday,June Solstice,Season
oman,2004,23 Jul,Friday,Renaissance Day,Public Holiday
oman,2004,12 Sep,Sunday,Isra and Mi'raj,Public Holiday
oman,2004,22 Sep,Wednesday,September Equinox,Season
oman,2004,14 Nov,Sunday,Eid al-Fitr,Public Holiday
oman,2004,15 Nov,Monday,Eid al-Fitr Holiday,Public Holiday
oman,2004,16 Nov,Tuesday,Eid al-Fitr Holiday,Public Holiday
oman,2004,18 Nov,Thursday,National Day,Public Holiday
oman,2004,21 Dec,Tuesday,December Solstice,Season
oman,2005,1 Jan,Saturday,New Year,Public Holiday
oman,2005,21 Jan,Friday,Eid al-Adha,Public Holiday
oman,2005,22 Jan,Saturday,Eid al-Adha Holiday,Public Holiday
oman,2005,23 Jan,Sunday,Eid al-Adha Holiday,Public Holiday
oman,2005,24 Jan,Monday,Eid al-Adha Holiday,Public Holiday
oman,2005,20 Mar,Sunday,March Equinox,Season
oman,2005,21 Jun,Tuesday,June Solstice,Season
oman,2005,23 Jul,Saturday,Renaissance Day,Public Holiday
oman,2005,1 Sep,Thursday,Isra and Mi'raj,Public Holiday
oman,2005,23 Sep,Friday,September Equinox,Season
oman,2005,4 Nov,Friday,Eid al-Fitr,Public Holiday
oman,2005,5 Nov,Saturday,Eid al-Fitr Holiday,Public Holiday
oman,2005,6 Nov,Sunday,Eid al-Fitr Holiday,Public Holiday
oman,2005,18 Nov,Friday,National Day,Public Holiday
oman,2005,21 Dec,Wednesday,December Solstice,Season
oman,2006,1 Jan,Sunday,New Year,Public Holiday
oman,2006,10 Jan,Tuesday,Eid al-Adha,Public Holiday
oman,2006,11 Jan,Wednesday,Eid al-Adha Holiday,Public Holiday
oman,2006,12 Jan,Thursday,Eid al-Adha Holiday,Public Holiday
oman,2006,13 Jan,Friday,Eid al-Adha Holiday,Public Holiday
oman,2006,20 Mar,Monday,March Equinox,Season
oman,2006,21 Jun,Wednesday,June Solstice,Season
oman,2006,23 Jul,Sunday,Renaissance Day,Public Holiday
oman,2006,22 Aug,Tuesday,Isra and Mi'raj,Public Holiday
oman,2006,23 Sep,Saturday,September Equinox,Season
oman,2006,24 Oct,Tuesday,Eid al-Fitr,Public Holiday
oman,2006,25 Oct,Wednesday,Eid al-Fitr Holiday,Public Holiday
oman,2006,26 Oct,Thursday,Eid al-Fitr Holiday,Public Holiday
oman,2006,18 Nov,Saturday,National Day,Public Holiday
oman,2006,22 Dec,Friday,December Solstice,Season
oman,2006,31 Dec,Sunday,Eid al-Adha,Public Holiday
oman,2007,1 Jan,Monday,New Year,Public Holiday
oman,2007,1 Jan,Monday,Eid al-Adha Holiday,Public Holiday
oman,2007,2 Jan,Tuesday,Eid al-Adha Holiday,Public Holiday
oman,2007,3 Jan,Wednesday,Eid al-Adha Holiday,Public Holiday
oman,2007,21 Mar,Wednesday,March Equinox,Season
oman,2007,21 Jun,Thursday,June Solstice,Season
oman,2007,23 Jul,Monday,Renaissance Day,Public Holiday
oman,2007,11 Aug,Saturday,Isra and Mi'raj,Public Holiday
oman,2007,23 Sep,Sunday,September Equinox,Season
oman,2007,13 Oct,Saturday,Eid al-Fitr,Public Holiday
oman,2007,14 Oct,Sunday,Eid al-Fitr Holiday,Public Holiday
oman,2007,15 Oct,Monday,Eid al-Fitr Holiday,Public Holiday
oman,2007,18 Nov,Sunday,National Day,Public Holiday
oman,2007,20 Dec,Thursday,Eid al-Adha,Public Holiday
oman,2007,21 Dec,Friday,Eid al-Adha Holiday,Public Holiday
oman,2007,22 Dec,Saturday,Eid al-Adha Holiday,Public Holiday
oman,2007,22 Dec,Saturday,December Solstice,Season
oman,2007,23 Dec,Sunday,Eid al-Adha Holiday,Public Holiday
oman,2008,1 Jan,Tuesday,New Year,Public Holiday
oman,2008,20 Mar,Thursday,March Equinox,Season
oman,2008,21 Jun,Saturday,June Solstice,Season
oman,2008,23 Jul,Wednesday,Renaissance Day,Public Holiday
oman,2008,31 Jul,Thursday,Isra and Mi'raj,Public Holiday
oman,2008,22 Sep,Monday,September Equinox,Season
oman,2008,2 Oct,Thursday,Eid al-Fitr,Public Holiday
oman,2008,3 Oct,Friday,Eid al-Fitr Holiday,Public Holiday
oman,2008,4 Oct,Saturday,Eid al-Fitr Holiday,Public Holiday
oman,2008,18 Nov,Tuesday,National Day,Public Holiday
oman,2008,9 Dec,Tuesday,Eid al-Adha,Public Holiday
oman,2008,10 Dec,Wednesday,Eid al-Adha Holiday,Public Holiday
oman,2008,11 Dec,Thursday,Eid al-Adha Holiday,Public Holiday
oman,2008,12 Dec,Friday,Eid al-Adha Holiday,Public Holiday
oman,2008,21 Dec,Sunday,December Solstice,Season
oman,2009,1 Jan,Thursday,New Year,Public Holiday
oman,2009,20 Mar,Friday,March Equinox,Season
oman,2009,21 Jun,Sunday,June Solstice,Season
oman,2009,20 Jul,Monday,Isra and Mi'raj,Public Holiday
oman,2009,23 Jul,Thursday,Renaissance Day,Public Holiday
oman,2009,21 Sep,Monday,Eid al-Fitr,Public Holiday
oman,2009,22 Sep,Tuesday,Eid al-Fitr Holiday,Public Holiday
oman,2009,23 Sep,Wednesday,Eid al-Fitr Holiday,Public Holiday
oman,2009,23 Sep,Wednesday,September Equinox,Season
oman,2009,18 Nov,Wednesday,National Day,Public Holiday
oman,2009,28 Nov,Saturday,Eid al-Adha,Public Holiday
oman,2009,29 Nov,Sunday,Eid al-Adha Holiday,Public Holiday
oman,2009,30 Nov,Monday,Eid al-Adha Holiday,Public Holiday
oman,2009,1 Dec,Tuesday,Eid al-Adha Holiday,Public Holiday
oman,2009,21 Dec,Monday,December Solstice,Season
oman,2010,1 Jan,Friday,New Year,Public Holiday
oman,2010,20 Mar,Saturday,March Equinox,Season
oman,2010,21 Jun,Monday,June Solstice,Season
oman,2010,9 Jul,Friday,Isra and Mi'raj,Public Holiday
oman,2010,23 Jul,Friday,Renaissance Day,Public Holiday
oman,2010,10 Sep,Friday,Eid al-Fitr,Public Holiday
oman,2010,11 Sep,Saturday,Eid al-Fitr Holiday,Public Holiday
oman,2010,12 Sep,Sunday,Eid al-Fitr Holiday,Public Holiday
oman,2010,23 Sep,Thursday,September Equinox,Season
oman,2010,17 Nov,Wednesday,Eid al-Adha,Public Holiday
oman,2010,18 Nov,Thursday,Eid al-Adha Holiday,Public Holiday
oman,2010,18 Nov,Thursday,National Day,Public Holiday
oman,2010,19 Nov,Friday,Eid al-Adha Holiday,Public Holiday
oman,2010,20 Nov,Saturday,Eid al-Adha Holiday,Public Holiday
oman,2010,22 Dec,Wednesday,December Solstice,Season
oman,2011,1 Jan,Saturday,New Year,Public Holiday
oman,2011,21 Mar,Monday,March Equinox,Season
oman,2011,21 Jun,Tuesday,June Solstice,Season
oman,2011,29 Jun,Wednesday,Isra and Mi'raj,Public Holiday
oman,2011,23 Jul,Saturday,Renaissance Day,Public Holiday
oman,2011,31 Aug,Wednesday,Eid al-Fitr,Public Holiday
oman,2011,1 Sep,Thursday,Eid al-Fitr Holiday,Public Holiday
oman,2011,2 Sep,Friday,Eid al-Fitr Holiday,Public Holiday
oman,2011,23 Sep,Friday,September Equinox,Season
oman,2011,7 Nov,Monday,Eid al-Adha,Public Holiday
oman,2011,8 Nov,Tuesday,Eid al-Adha Holiday,Public Holiday
oman,2011,9 Nov,Wednesday,Eid al-Adha Holiday,Public Holiday
oman,2011,10 Nov,Thursday,Eid al-Adha Holiday,Public Holiday
oman,2011,18 Nov,Friday,National Day,Public Holiday
oman,2011,22 Dec,Thursday,December Solstice,Season
oman,2012,1 Jan,Sunday,New Year,Public Holiday
oman,2012,20 Mar,Tuesday,March Equinox,Season
oman,2012,17 Jun,Sunday,Isra and Mi'raj,Public Holiday
oman,2012,21 Jun,Thursday,June Solstice,Season
oman,2012,23 Jul,Monday,Renaissance Day,Public Holiday
oman,2012,19 Aug,Sunday,Eid al-Fitr,Public Holiday
oman,2012,20 Aug,Monday,Eid al-Fitr Holiday,Public Holiday
oman,2012,21 Aug,Tuesday,Eid al-Fitr Holiday,Public Holiday
oman,2012,22 Sep,Saturday,September Equinox,Season
oman,2012,26 Oct,Friday,Eid al-Adha,Public Holiday
oman,2012,27 Oct,Saturday,Eid al-Adha Holiday,Public Holiday
oman,2012,28 Oct,Sunday,Eid al-Adha Holiday,Public Holiday
oman,2012,29 Oct,Monday,Eid al-Adha Holiday,Public Holiday
oman,2012,18 Nov,Sunday,National Day,Public Holiday
oman,2012,21 Dec,Friday,December Solstice,Season
oman,2013,1 Jan,Tuesday,New Year,Public Holiday
oman,2013,20 Mar,Wednesday,March Equinox,Season
oman,2013,6 Jun,Thursday,Isra and Mi'raj,Public Holiday
oman,2013,21 Jun,Friday,June Solstice,Season
oman,2013,23 Jul,Tuesday,Renaissance Day,Public Holiday
oman,2013,8 Aug,Thursday,Eid al-Fitr,Public Holiday
oman,2013,9 Aug,Friday,Eid al-Fitr Holiday,Public Holiday
oman,2013,10 Aug,Saturday,Eid al-Fitr Holiday,Public Holiday
oman,2013,23 Sep,Monday,September Equinox,Season
oman,2013,15 Oct,Tuesday,Eid al-Adha,Public Holiday
oman,2013,16 Oct,Wednesday,Eid al-Adha Holiday,Public Holiday
oman,2013,17 Oct,Thursday,Eid al-Adha Holiday,Public Holiday
oman,2013,18 Oct,Friday,Eid al-Adha Holiday,Public Holiday
oman,2013,18 Nov,Monday,National Day,Public Holiday
oman,2013,21 Dec,Saturday,December Solstice,Season
oman,2014,1 Jan,Wednesday,New Year,Public Holiday
oman,2014,20 Mar,Thursday,March Equinox,Season
oman,2014,27 May,Tuesday,Isra and Mi'raj,Public Holiday
oman,2014,21 Jun,Saturday,June Solstice,Season
oman,2014,23 Jul,Wednesday,Renaissance Day,Public Holiday
oman,2014,29 Jul,Tuesday,Eid al-Fitr,Public Holiday
oman,2014,30 Jul,Wednesday,Eid al-Fitr Holiday,Public Holiday
oman,2014,31 Jul,Thursday,Eid al-Fitr Holiday,Public Holiday
oman,2014,23 Sep,Tuesday,September Equinox,Season
oman,2014,4 Oct,Saturday,Eid al-Adha,Public Holiday
oman,2014,6 Oct,Monday,Eid al-Adha Holiday,Public Holiday
oman,2014,7 Oct,Tuesday,Eid al-Adha Holiday,Public Holiday
oman,2014,8 Oct,Wednesday,Eid al-Adha Holiday,Public Holiday
oman,2014,18 Nov,Tuesday,National Day,Public Holiday
oman,2014,22 Dec,Monday,December Solstice,Season
oman,2015,1 Jan,Thursday,New Year,Public Holiday
oman,2015,21 Mar,Saturday,March Equinox,Season
oman,2015,16 May,Saturday,Isra and Mi'raj,Public Holiday
oman,2015,21 Jun,Sunday,June Solstice,Season
oman,2015,18 Jul,Saturday,Eid al-Fitr,Public Holiday
oman,2015,19 Jul,Sunday,Eid al-Fitr Holiday,Public Holiday
oman,2015,20 Jul,Monday,Eid al-Fitr Holiday,Public Holiday
oman,2015,23 Jul,Thursday,Renaissance Day,Public Holiday
oman,2015,23 Sep,Wednesday,Eid al-Adha,Public Holiday
oman,2015,23 Sep,Wednesday,September Equinox,Season
oman,2015,24 Sep,Thursday,Eid al-Adha Holiday,Public Holiday
oman,2015,25 Sep,Friday,Eid al-Adha Holiday,Public Holiday
oman,2015,26 Sep,Saturday,Eid al-Adha Holiday,Public Holiday
oman,2015,18 Nov,Wednesday,National Day,Public Holiday
oman,2015,22 Dec,Tuesday,December Solstice,Season
oman,2016,1 Jan,Friday,New Year,Public Holiday
oman,2016,20 Mar,Sunday,March Equinox,Season
oman,2016,5 May,Thursday,Isra and Mi'raj,Public Holiday
oman,2016,21 Jun,Tuesday,June Solstice,Season
oman,2016,7 Jul,Thursday,Eid al-Fitr,Public Holiday
oman,2016,8 Jul,Friday,Eid al-Fitr Holiday,Public Holiday
oman,2016,9 Jul,Saturday,Eid al-Fitr Holiday,Public Holiday
oman,2016,23 Jul,Saturday,Renaissance Day,Public Holiday
oman,2016,22 Sep,Thursday,September Equinox,Season
oman,2016,18 Nov,Friday,National Day,Public Holiday
oman,2016,21 Dec,Wednesday,December Solstice,Season
oman,2017,1 Jan,Sunday,New Year,Public Holiday
oman,2017,20 Mar,Monday,March Equinox,Season
oman,2017,24 Apr,Monday,Isra and Mi'raj,Public Holiday
oman,2017,21 Jun,Wednesday,June Solstice,Season
oman,2017,24 Jun,Saturday,Eid al-Fitr,Public Holiday
oman,2017,25 Jun,Sunday,Eid al-Fitr Holiday,Public Holiday
oman,2017,27 Jun,Tuesday,Eid al-Fitr Holiday,Public Holiday
oman,2017,28 Jun,Wednesday,Eid al-Fitr Holiday,Public Holiday
oman,2017,29 Jun,Thursday,Eid al-Fitr Holiday,Public Holiday
oman,2017,23 Jul,Sunday,Renaissance Day,Public Holiday
oman,2017,23 Sep,Saturday,September Equinox,Season
oman,2017,18 Nov,Saturday,National Day,Public Holiday
oman,2017,21 Dec,Thursday,December Solstice,Season
oman,2018,1 Jan,Monday,New Year,Public Holiday
oman,2018,20 Mar,Tuesday,March Equinox,Season
oman,2018,13 Apr,Friday,Isra and Mi'raj,Public Holiday
oman,2018,15 Jun,Friday,Eid al-Fitr,Public Holiday
oman,2018,16 Jun,Saturday,Eid al-Fitr Holiday,Public Holiday
oman,2018,17 Jun,Sunday,Eid al-Fitr Holiday,Public Holiday
oman,2018,18 Jun,Monday,Eid al-Fitr Holiday,Public Holiday
oman,2018,21 Jun,Thursday,June Solstice,Season
oman,2018,23 Jul,Monday,Renaissance Day,Public Holiday
oman,2018,21 Aug,Tuesday,Eid al-Adha Holiday,Public Holiday
oman,2018,23 Aug,Thursday,Eid al-Adha Holiday,Public Holiday
oman,2018,24 Aug,Friday,Eid al-Adha Holiday,Public Holiday
oman,2018,11 Sep,Tuesday,Muharram,Public Holiday
oman,2018,23 Sep,Sunday,September Equinox,Season
oman,2018,18 Nov,Sunday,National Day,Public Holiday
oman,2018,20 Nov,Tuesday,The Prophet's Birthday,Public Holiday
oman,2018,21 Nov,Wednesday,The Prophet's Birthday,Public Holiday
oman,2018,22 Nov,Thursday,The Prophet's Birthday,Public Holiday
oman,2018,22 Dec,Saturday,December Solstice,Season
oman,2019,1 Jan,Tuesday,New Year,Public Holiday
oman,2019,21 Mar,Thursday,March Equinox,Season
oman,2019,3 Apr,Wednesday,Isra and Mi'raj,Public Holiday
oman,2019,4 Apr,Thursday,Isra and Mi'raj Holiday,Public Holiday
oman,2019,4 Jun,Tuesday,Eid al-Fitr,Public Holiday
oman,2019,5 Jun,Wednesday,Eid al-Fitr Holiday,Public Holiday
oman,2019,6 Jun,Thursday,Eid al-Fitr Holiday,Public Holiday
oman,2019,21 Jun,Friday,June Solstice,Season
oman,2019,23 Jul,Tuesday,Renaissance Day,Public Holiday
oman,2019,11 Aug,Sunday,Eid al-Adha,Public Holiday
oman,2019,12 Aug,Monday,Eid al-Adha Holiday,Public Holiday
oman,2019,13 Aug,Tuesday,Eid al-Adha Holiday,Public Holiday
oman,2019,14 Aug,Wednesday,Eid al-Adha Holiday,Public Holiday
oman,2019,15 Aug,Thursday,Eid al-Adha Holiday,Public Holiday
oman,2019,16 Aug,Friday,Eid al-Adha Holiday,Public Sector Holiday
oman,2019,17 Aug,Saturday,Eid al-Adha Holiday,Public Sector Holiday
oman,2019,1 Sep,Sunday,Muharram,Public Holiday
oman,2019,23 Sep,Monday,September Equinox,Season
oman,2019,9 Nov,Saturday,The Prophet's Birthday,Public Holiday
oman,2019,10 Nov,Sunday,The Prophet's Birthday Holiday,Public Holiday
oman,2019,18 Nov,Monday,National Day,Public Holiday
oman,2019,22 Dec,Sunday,December Solstice,Season
oman,2020,1 Jan,Wednesday,New Year,Public Holiday
oman,2020,11 Jan,Saturday,Mourning Holiday for Sultan Qaboos Bin Said,Public Holiday
oman,2020,12 Jan,Sunday,Mourning Holiday for Sultan Qaboos Bin Said,Public Holiday
oman,2020,13 Jan,Monday,Mourning Holiday for Sultan Qaboos Bin Said,Public Holiday
oman,2020,20 Mar,Friday,March Equinox,Season
oman,2020,22 Mar,Sunday,Isra and Mi'raj,Public Holiday
oman,2020,24 May,Sunday,Eid al-Fitr,Public Holiday
oman,2020,25 May,Monday,Eid al-Fitr Holiday,Public Holiday
oman,2020,26 May,Tuesday,Eid al-Fitr Holiday,Public Holiday
oman,2020,21 Jun,Sunday,June Solstice,Season
oman,2020,31 Jul,Friday,Eid al-Adha,Public Holiday
oman,2020,1 Aug,Saturday,Eid al-Adha Holiday,Public Holiday
oman,2020,2 Aug,Sunday,Eid al-Adha Holiday,Public Holiday
oman,2020,3 Aug,Monday,Eid al-Adha Holiday,Public Holiday
oman,2020,4 Aug,Tuesday,Eid al-Adha Holiday,Public Holiday
oman,2020,5 Aug,Wednesday,Eid al-Adha Holiday,Public Holiday
oman,2020,6 Aug,Thursday,Eid al-Adha Holiday,Public Holiday
oman,2020,7 Aug,Friday,Eid al-Adha Holiday,Public Holiday
oman,2020,8 Aug,Saturday,Eid al-Adha Holiday,Public Holiday
oman,2020,21 Aug,Friday,Muharram,Public Holiday
oman,2020,23 Aug,Sunday,Muharram Holiday,Public Holiday
oman,2020,22 Sep,Tuesday,September Equinox,Season
oman,2020,29 Oct,Thursday,The Prophet's Birthday,Public Holiday
oman,2020,18 Nov,Wednesday,National Day,Public Holiday
oman,2020,21 Dec,Monday,December Solstice,Season
oman,2021,1 Jan,Friday,New Year,Public Holiday
oman,2021,11 Mar,Thursday,Isra and Mi'raj,Public Holiday
oman,2021,20 Mar,Saturday,March Equinox,Season
oman,2021,12 May,Wednesday,Eid al-Fitr Holiday,Public Holiday
oman,2021,13 May,Thursday,Eid al-Fitr,Public Holiday
oman,2021,14 May,Friday,Eid al-Fitr Holiday,Public Holiday
oman,2021,15 May,Saturday,Eid al-Fitr Holiday,Public Holiday
oman,2021,21 Jun,Monday,June Solstice,Season
oman,2021,18 Jul,Sunday,Eid al-Adha Holiday,Public Holiday
oman,2021,19 Jul,Monday,Day of Arafah,Public Holiday
oman,2021,20 Jul,Tuesday,Eid al-Adha,Public Holiday
oman,2021,21 Jul,Wednesday,Eid al-Adha Holiday,Public Holiday
oman,2021,22 Jul,Thursday,Eid al-Adha Holiday,Public Holiday
oman,2021,10 Aug,Tuesday,Muharram,Public Holiday
oman,2021,22 Sep,Wednesday,September Equinox,Season
oman,2021,3 Oct,Sunday,Public Holiday,Public Holiday
oman,2021,4 Oct,Monday,Public Holiday,Public Holiday
oman,2021,19 Oct,Tuesday,The Prophet's Birthday,Public Holiday
oman,2021,18 Nov,Thursday,National Day,Public Holiday
oman,2021,21 Dec,Tuesday,December Solstice,Season
oman,2022,1 Jan,Saturday,New Year,Public Holiday
oman,2022,1 Mar,Tuesday,Isra and Mi'raj,Public Holiday
oman,2022,20 Mar,Sunday,March Equinox,Season
oman,2022,2 May,Monday,Eid al-Fitr,Public Holiday
oman,2022,3 May,Tuesday,Eid al-Fitr Holiday,Public Holiday
oman,2022,4 May,Wednesday,Eid al-Fitr Holiday,Public Holiday
oman,2022,5 May,Thursday,Eid al-Fitr Holiday,Public Holiday
oman,2022,21 Jun,Tuesday,June Solstice,Season
oman,2022,8 Jul,Friday,Day of Arafah,Public Holiday
oman,2022,9 Jul,Saturday,Eid al-Adha,Public Holiday
oman,2022,10 Jul,Sunday,Eid al-Adha Holiday,Public Holiday
oman,2022,11 Jul,Monday,Eid al-Adha Holiday,Public Holiday
oman,2022,12 Jul,Tuesday,Eid al-Adha Holiday,Public Holiday
oman,2022,30 Jul,Saturday,Muharram,Public Holiday
oman,2022,31 Jul,Sunday,Muharram Holiday,Public Holiday
oman,2022,23 Sep,Friday,September Equinox,Season
oman,2022,9 Oct,Sunday,The Prophet's Birthday,Public Holiday
oman,2022,30 Nov,Wednesday,National Day,Public Holiday
oman,2022,1 Dec,Thursday,National Day Holiday,Public Holiday
oman,2022,22 Dec,Thursday,December Solstice,Season
oman,2023,1 Jan,Sunday,New Year,Observance
oman,2023,12 Jan,Thursday,Sultan’s Accession Day,Public Holiday
oman,2023,19 Feb,Sunday,Isra and Mi'raj,Public Holiday
oman,2023,19 Feb,Sunday,Isra and Mi'raj Holiday,Public Holiday
oman,2023,21 Mar,Tuesday,March Equinox,Season
oman,2023,23 Mar,Thursday,Ramadan Start,Observance
oman,2023,20 Apr,Thursday,Eid al-Fitr Holiday,Public Holiday
oman,2023,21 Apr,Friday,Eid al-Fitr Holiday,Public Holiday
oman,2023,22 Apr,Saturday,Eid al-Fitr,Public Holiday
oman,2023,23 Apr,Sunday,Eid al-Fitr Holiday,Public Holiday
oman,2023,24 Apr,Monday,Eid al-Fitr Holiday,Public Holiday
oman,2023,21 Jun,Wednesday,June Solstice,Season
oman,2023,28 Jun,Wednesday,Eid al-Adha,Public Holiday
oman,2023,29 Jun,Thursday,Eid al-Adha Holiday,Public Holiday
oman,2023,30 Jun,Friday,Eid al-Adha Holiday,Public Holiday
oman,2023,1 Jul,Saturday,Eid al-Adha Holiday,Public Holiday
oman,2023,20 Jul,Thursday,Muharram,Public Holiday
oman,2023,23 Sep,Saturday,September Equinox,Season
oman,2023,28 Sep,Thursday,The Prophet's Birthday,Public Holiday
oman,2023,22 Nov,Wednesday,National Day,Public Holiday
oman,2023,23 Nov,Thursday,National Day Holiday,Public Holiday
oman,2023,22 Dec,Friday,December Solstice,Season
oman,2024,1 Jan,Monday,New Year,Observance
oman,2024,11 Jan,Thursday,Accession Day of Sultan Haitham bin Tarik,Public Holiday
oman,2024,8 Feb,Thursday,Isra and Mi'raj,Public Holiday
oman,2024,12 Mar,Tuesday,Ramadan Start,Observance
oman,2024,20 Mar,Wednesday,March Equinox,Season
oman,2024,10 Apr,Wednesday,Eid al-Fitr (Tentative Date),Public Holiday
oman,2024,11 Apr,Thursday,Eid al-Fitr Holiday (Tentative Date),Public Holiday
oman,2024,12 Apr,Friday,Eid al-Fitr Holiday (Tentative Date),Public Holiday
oman,2024,13 Apr,Saturday,Eid al-Fitr Holiday (Tentative Date),Public Holiday
oman,2024,17 Jun,Monday,Eid al-Adha (Tentative Date),Public Holiday
oman,2024,18 Jun,Tuesday,Eid al-Adha Holiday (Tentative Date),Public Holiday
oman,2024,19 Jun,Wednesday,Eid al-Adha Holiday (Tentative Date),Public Holiday
oman,2024,20 Jun,Thursday,Eid al-Adha Holiday (Tentative Date),Public Holiday
oman,2024,21 Jun,Friday,June Solstice,Season
oman,2024,8 Jul,Monday,Muharram (Tentative Date),Public Holiday
oman,2024,16 Sep,Monday,The Prophet's Birthday (Tentative Date),Public Holiday
oman,2024,22 Sep,Sunday,September Equinox,Season
oman,2024,18 Nov,Monday,National Day,Public Holiday
oman,2024,19 Nov,Tuesday,National Day Holiday,Public Holiday
oman,2024,21 Dec,Saturday,December Solstice,Season
oman,2025,1 Jan,Wednesday,New Year,Public Holiday
oman,2025,27 Jan,Monday,Isra and Mi'raj (Tentative Date),Public Holiday
oman,2025,1 Mar,Saturday,Ramadan Start (Tentative Date),Observance
oman,2025,20 Mar,Thursday,March Equinox,Season
oman,2025,31 Mar,Monday,Eid al-Fitr (Tentative Date),Public Holiday
oman,2025,1 Apr,Tuesday,Eid al-Fitr Holiday (Tentative Date),Public Holiday
oman,2025,2 Apr,Wednesday,Eid al-Fitr Holiday (Tentative Date),Public Holiday
oman,2025,3 Apr,Thursday,Eid al-Fitr Holiday (Tentative Date),Public Holiday
oman,2025,6 Jun,Friday,Eid al-Adha (Tentative Date),Public Holiday
oman,2025,7 Jun,Saturday,Eid al-Adha Holiday (Tentative Date),Public Holiday
oman,2025,8 Jun,Sunday,Eid al-Adha Holiday (Tentative Date),Public Holiday
oman,2025,9 Jun,Monday,Eid al-Adha Holiday (Tentative Date),Public Holiday
oman,2025,21 Jun,Saturday,June Solstice,Season
oman,2025,27 Jun,Friday,Muharram (Tentative Date),Public Holiday
oman,2025,5 Sep,Friday,The Prophet's Birthday (Tentative Date),Public Holiday
oman,2025,22 Sep,Monday,September Equinox,Season
oman,2025,18 Nov,Tuesday,National Day,Public Holiday
oman,2025,21 Dec,Sunday,December Solstice,Season
oman,2026,1 Jan,Thursday,New Year,Public Holiday
oman,2026,16 Jan,Friday,Isra and Mi'raj (Tentative Date),Public Holiday
oman,2026,18 Feb,Wednesday,Ramadan Start (Tentative Date),Observance
oman,2026,20 Mar,Friday,Eid al-Fitr (Tentative Date),Public Holiday
oman,2026,20 Mar,Friday,March Equinox,Season
oman,2026,21 Mar,Saturday,Eid al-Fitr Holiday (Tentative Date),Public Holiday
oman,2026,22 Mar,Sunday,Eid al-Fitr Holiday (Tentative Date),Public Holiday
oman,2026,23 Mar,Monday,Eid al-Fitr Holiday (Tentative Date),Public Holiday
oman,2026,27 May,Wednesday,Eid al-Adha (Tentative Date),Public Holiday
oman,2026,28 May,Thursday,Eid al-Adha Holiday (Tentative Date),Public Holiday
oman,2026,29 May,Friday,Eid al-Adha Holiday (Tentative Date),Public Holiday
oman,2026,30 May,Saturday,Eid al-Adha Holiday (Tentative Date),Public Holiday
oman,2026,17 Jun,Wednesday,Muharram (Tentative Date),Public Holiday
oman,2026,21 Jun,Sunday,June Solstice,Season
oman,2026,23 Sep,Wednesday,September Equinox,Season
oman,2026,18 Nov,Wednesday,National Day,Public Holiday
oman,2026,22 Dec,Tuesday,December Solstice,Season
oman,2027,1 Jan,Friday,New Year,Public Holiday
oman,2027,6 Jan,Wednesday,Isra and Mi'raj (Tentative Date),Public Holiday
oman,2027,8 Feb,Monday,Ramadan Start (Tentative Date),Observance
oman,2027,10 Mar,Wednesday,Eid al-Fitr (Tentative Date),Public Holiday
oman,2027,11 Mar,Thursday,Eid al-Fitr Holiday (Tentative Date),Public Holiday
oman,2027,12 Mar,Friday,Eid al-Fitr Holiday (Tentative Date),Public Holiday
oman,2027,13 Mar,Saturday,Eid al-Fitr Holiday (Tentative Date),Public Holiday
oman,2027,21 Mar,Sunday,March Equinox,Season
oman,2027,17 May,Monday,Eid al-Adha (Tentative Date),Public Holiday
oman,2027,18 May,Tuesday,Eid al-Adha Holiday (Tentative Date),Public Holiday
oman,2027,19 May,Wednesday,Eid al-Adha Holiday (Tentative Date),Public Holiday
oman,2027,20 May,Thursday,Eid al-Adha Holiday (Tentative Date),Public Holiday
oman,2027,6 Jun,Sunday,Muharram (Tentative Date),Public Holiday
oman,2027,21 Jun,Monday,June Solstice,Season
oman,2027,23 Sep,Thursday,September Equinox,Season
oman,2027,18 Nov,Thursday,National Day,Public Holiday
oman,2027,22 Dec,Wednesday,December Solstice,Season
oman,2027,26 Dec,Sunday,Isra and Mi'raj,Public Holiday
oman,2028,1 Jan,Saturday,New Year,Public Holiday
oman,2028,28 Jan,Friday,Ramadan Start (Tentative Date),Observance
oman,2028,27 Feb,Sunday,Eid al-Fitr (Tentative Date),Public Holiday
oman,2028,28 Feb,Monday,Eid al-Fitr Holiday (Tentative Date),Public Holiday
oman,2028,29 Feb,Tuesday,Eid al-Fitr Holiday (Tentative Date),Public Holiday
oman,2028,1 Mar,Wednesday,Eid al-Fitr Holiday (Tentative Date),Public Holiday
oman,2028,20 Mar,Monday,March Equinox,Season
oman,2028,5 May,Friday,Eid al-Adha (Tentative Date),Public Holiday
oman,2028,6 May,Saturday,Eid al-Adha Holiday (Tentative Date),Public Holiday
oman,2028,7 May,Sunday,Eid al-Adha Holiday (Tentative Date),Public Holiday
oman,2028,8 May,Monday,Eid al-Adha Holiday (Tentative Date),Public Holiday
oman,2028,25 May,Thursday,Muharram (Tentative Date),Public Holiday
oman,2028,21 Jun,Wednesday,June Solstice,Season
oman,2028,22 Sep,Friday,September Equinox,Season
oman,2028,18 Nov,Saturday,National Day,Public Holiday
oman,2028,14 Dec,Thursday,Isra and Mi'raj (Tentative Date),Public Holiday
oman,2028,21 Dec,Thursday,December Solstice,Season
oman,2029,1 Jan,Monday,New Year,Public Holiday
oman,2029,16 Jan,Tuesday,Ramadan Start (Tentative Date),Observance
oman,2029,15 Feb,Thursday,Eid al-Fitr (Tentative Date),Public Holiday
oman,2029,16 Feb,Friday,Eid al-Fitr Holiday (Tentative Date),Public Holiday
oman,2029,17 Feb,Saturday,Eid al-Fitr Holiday (Tentative Date),Public Holiday
oman,2029,18 Feb,Sunday,Eid al-Fitr Holiday (Tentative Date),Public Holiday
oman,2029,20 Mar,Tuesday,March Equinox,Season
oman,2029,24 Apr,Tuesday,Eid al-Adha (Tentative Date),Public Holiday
oman,2029,25 Apr,Wednesday,Eid al-Adha Holiday (Tentative Date),Public Holiday
oman,2029,26 Apr,Thursday,Eid al-Adha Holiday (Tentative Date),Public Holiday
oman,2029,27 Apr,Friday,Eid al-Adha Holiday (Tentative Date),Public Holiday
oman,2029,15 May,Tuesday,Muharram (Tentative Date),Public Holiday
oman,2029,21 Jun,Thursday,June Solstice,Season
oman,2029,22 Sep,Saturday,September Equinox,Season
oman,2029,18 Nov,Sunday,National Day,Public Holiday
oman,2029,4 Dec,Tuesday,Isra and Mi'raj (Tentative Date),Public Holiday
oman,2029,21 Dec,Friday,December Solstice,Season
oman,2030,1 Jan,Tuesday,New Year,Public Holiday
oman,2030,6 Jan,Sunday,Ramadan Start (Tentative Date),Observance
oman,2030,5 Feb,Tuesday,Eid al-Fitr (Tentative Date),Public Holiday
oman,2030,6 Feb,Wednesday,Eid al-Fitr Holiday (Tentative Date),Public Holiday
oman,2030,7 Feb,Thursday,Eid al-Fitr Holiday (Tentative Date),Public Holiday
oman,2030,8 Feb,Friday,Eid al-Fitr Holiday (Tentative Date),Public Holiday
oman,2030,20 Mar,Wednesday,March Equinox,Season
oman,2030,13 Apr,Saturday,Eid al-Adha (Tentative Date),Public Holiday
oman,2030,14 Apr,Sunday,Eid al-Adha Holiday (Tentative Date),Public Holiday
oman,2030,15 Apr,Monday,Eid al-Adha Holiday (Tentative Date),Public Holiday
oman,2030,16 Apr,Tuesday,Eid al-Adha Holiday (Tentative Date),Public Holiday
oman,2030,4 May,Saturday,Muharram (Tentative Date),Public Holiday
oman,2030,21 Jun,Friday,June Solstice,Season
oman,2030,23 Sep,Monday,September Equinox,Season
oman,2030,18 Nov,Monday,National Day,Public Holiday
oman,2030,23 Nov,Saturday,Isra and Mi'raj (Tentative Date),Public Holiday
oman,2030,22 Dec,Sunday,December Solstice,Season
oman,2030,26 Dec,Thursday,Ramadan Start,Observance
oman,2031,1 Jan,Wednesday,New Year,Public Holiday
oman,2031,25 Jan,Saturday,Eid al-Fitr (Tentative Date),Public Holiday
oman,2031,26 Jan,Sunday,Eid al-Fitr Holiday (Tentative Date),Public Holiday
oman,2031,27 Jan,Monday,Eid al-Fitr Holiday (Tentative Date),Public Holiday
oman,2031,28 Jan,Tuesday,Eid al-Fitr Holiday (Tentative Date),Public Holiday
oman,2031,20 Mar,Thursday,March Equinox,Season
oman,2031,3 Apr,Thursday,Eid al-Adha (Tentative Date),Public Holiday
oman,2031,4 Apr,Friday,Eid al-Adha Holiday (Tentative Date),Public Holiday
oman,2031,5 Apr,Saturday,Eid al-Adha Holiday (Tentative Date),Public Holiday
oman,2031,6 Apr,Sunday,Eid al-Adha Holiday (Tentative Date),Public Holiday
oman,2031,23 Apr,Wednesday,Muharram (Tentative Date),Public Holiday
oman,2031,21 Jun,Saturday,June Solstice,Season
oman,2031,23 Sep,Tuesday,September Equinox,Season
oman,2031,12 Nov,Wednesday,Isra and Mi'raj (Tentative Date),Public Holiday
oman,2031,18 Nov,Tuesday,National Day,Public Holiday
oman,2031,15 Dec,Monday,Ramadan Start (Tentative Date),Observance
oman,2031,22 Dec,Monday,December Solstice,Season
oman,2032,1 Jan,Thursday,New Year,Public Holiday
oman,2032,14 Jan,Wednesday,Eid al-Fitr (Tentative Date),Public Holiday
oman,2032,15 Jan,Thursday,Eid al-Fitr Holiday (Tentative Date),Public Holiday
oman,2032,16 Jan,Friday,Eid al-Fitr Holiday (Tentative Date),Public Holiday
oman,2032,17 Jan,Saturday,Eid al-Fitr Holiday (Tentative Date),Public Holiday
oman,2032,20 Mar,Saturday,March Equinox,Season
oman,2032,22 Mar,Monday,Eid al-Adha (Tentative Date),Public Holiday
oman,2032,23 Mar,Tuesday,Eid al-Adha Holiday (Tentative Date),Public Holiday
oman,2032,24 Mar,Wednesday,Eid al-Adha Holiday (Tentative Date),Public Holiday
oman,2032,25 Mar,Thursday,Eid al-Adha Holiday (Tentative Date),Public Holiday
oman,2032,12 Apr,Monday,Muharram (Tentative Date),Public Holiday
oman,2032,20 Jun,Sunday,June Solstice,Season
oman,2032,22 Sep,Wednesday,September Equinox,Season
oman,2032,1 Nov,Monday,Isra and Mi'raj (Tentative Date),Public Holiday
oman,2032,18 Nov,Thursday,National Day,Public Holiday
oman,2032,4 Dec,Saturday,Ramadan Start (Tentative Date),Observance
oman,2032,21 Dec,Tuesday,December Solstice,Season
oman,2033,1 Jan,Saturday,New Year,Public Holiday
oman,2033,3 Jan,Monday,Eid al-Fitr (Tentative Date),Public Holiday
oman,2033,4 Jan,Tuesday,Eid al-Fitr Holiday (Tentative Date),Public Holiday
oman,2033,5 Jan,Wednesday,Eid al-Fitr Holiday (Tentative Date),Public Holiday
oman,2033,6 Jan,Thursday,Eid al-Fitr Holiday (Tentative Date),Public Holiday
oman,2033,12 Mar,Saturday,Eid al-Adha (Tentative Date),Public Holiday
oman,2033,13 Mar,Sunday,Eid al-Adha Holiday (Tentative Date),Public Holiday
oman,2033,14 Mar,Monday,Eid al-Adha Holiday (Tentative Date),Public Holiday
oman,2033,15 Mar,Tuesday,Eid al-Adha Holiday (Tentative Date),Public Holiday
oman,2033,20 Mar,Sunday,March Equinox,Season
oman,2033,1 Apr,Friday,Muharram (Tentative Date),Public Holiday
oman,2033,21 Jun,Tuesday,June Solstice,Season
oman,2033,22 Sep,Thursday,September Equinox,Season
oman,2033,21 Oct,Friday,Isra and Mi'raj (Tentative Date),Public Holiday
oman,2033,18 Nov,Friday,National Day,Public Holiday
oman,2033,23 Nov,Wednesday,Ramadan Start (Tentative Date),Observance
oman,2033,21 Dec,Wednesday,December Solstice,Season
oman,2033,23 Dec,Friday,Eid al-Fitr,Public Holiday
oman,2033,24 Dec,Saturday,Eid al-Fitr Holiday,Public Holiday
oman,2033,25 Dec,Sunday,Eid al-Fitr Holiday,Public Holiday
oman,2033,26 Dec,Monday,Eid al-Fitr Holiday,Public Holiday
oman,2034,1 Jan,Sunday,New Year,Public Holiday
oman,2034,1 Mar,Wednesday,Eid al-Adha (Tentative Date),Public Holiday
oman,2034,2 Mar,Thursday,Eid al-Adha Holiday (Tentative Date),Public Holiday
oman,2034,3 Mar,Friday,Eid al-Adha Holiday (Tentative Date),Public Holiday
oman,2034,4 Mar,Saturday,Eid al-Adha Holiday (Tentative Date),Public Holiday
oman,2034,20 Mar,Monday,March Equinox,Season
oman,2034,21 Mar,Tuesday,Muharram (Tentative Date),Public Holiday
oman,2034,21 Jun,Wednesday,June Solstice,Season
oman,2034,23 Sep,Saturday,September Equinox,Season
oman,2034,10 Oct,Tuesday,Isra and Mi'raj (Tentative Date),Public Holiday
oman,2034,12 Nov,Sunday,Ramadan Start (Tentative Date),Observance
oman,2034,18 Nov,Saturday,National Day,Public Holiday
oman,2034,12 Dec,Tuesday,Eid al-Fitr (Tentative Date),Public Holiday
oman,2034,13 Dec,Wednesday,Eid al-Fitr Holiday (Tentative Date),Public Holiday
oman,2034,14 Dec,Thursday,Eid al-Fitr Holiday (Tentative Date),Public Holiday
oman,2034,15 Dec,Friday,Eid al-Fitr Holiday (Tentative Date),Public Holiday
oman,2034,21 Dec,Thursday,December Solstice,Season
oman,2035,1 Jan,Monday,New Year,Public Holiday
oman,2035,19 Feb,Monday,Eid al-Adha (Tentative Date),Public Holiday
oman,2035,20 Feb,Tuesday,Eid al-Adha Holiday (Tentative Date),Public Holiday
oman,2035,21 Feb,Wednesday,Eid al-Adha Holiday (Tentative Date),Public Holiday
oman,2035,22 Feb,Thursday,Eid al-Adha Holiday (Tentative Date),Public Holiday
oman,2035,11 Mar,Sunday,Muharram (Tentative Date),Public Holiday
oman,2035,20 Mar,Tuesday,March Equinox,Season
oman,2035,21 Jun,Thursday,June Solstice,Season
oman,2035,23 Sep,Sunday,September Equinox,Season
oman,2035,30 Sep,Sunday,Isra and Mi'raj (Tentative Date),Public Holiday
oman,2035,2 Nov,Friday,Ramadan Start (Tentative Date),Observance
oman,2035,18 Nov,Sunday,National Day,Public Holiday
oman,2035,2 Dec,Sunday,Eid al-Fitr (Tentative Date),Public Holiday
oman,2035,3 Dec,Monday,Eid al-Fitr Holiday (Tentative Date),Public Holiday
oman,2035,4 Dec,Tuesday,Eid al-Fitr Holiday (Tentative Date),Public Holiday
oman,2035,5 Dec,Wednesday,Eid al-Fitr Holiday (Tentative Date),Public Holiday
oman,2035,22 Dec,Saturday,December Solstice,Season
oman,2036,1 Jan,Tuesday,New Year,Public Holiday
oman,2036,8 Feb,Friday,Eid al-Adha (Tentative Date),Public Holiday
oman,2036,9 Feb,Saturday,Eid al-Adha Holiday (Tentative Date),Public Holiday
oman,2036,10 Feb,Sunday,Eid al-Adha Holiday (Tentative Date),Public Holiday
oman,2036,11 Feb,Monday,Eid al-Adha Holiday (Tentative Date),Public Holiday
oman,2036,28 Feb,Thursday,Muharram (Tentative Date),Public Holiday
oman,2036,20 Mar,Thursday,March Equinox,Season
oman,2036,20 Jun,Friday,June Solstice,Season
oman,2036,18 Sep,Thursday,Isra and Mi'raj (Tentative Date),Public Holiday
oman,2036,22 Sep,Monday,September Equinox,Season
oman,2036,21 Oct,Tuesday,Ramadan Start (Tentative Date),Observance
oman,2036,18 Nov,Tuesday,National Day,Public Holiday
oman,2036,20 Nov,Thursday,Eid al-Fitr (Tentative Date),Public Holiday
oman,2036,21 Nov,Friday,Eid al-Fitr Holiday (Tentative Date),Public Holiday
oman,2036,22 Nov,Saturday,Eid al-Fitr Holiday (Tentative Date),Public Holiday
oman,2036,23 Nov,Sunday,Eid al-Fitr Holiday (Tentative Date),Public Holiday
oman,2036,21 Dec,Sunday,December Solstice,Season
oman,2037,1 Jan,Thursday,New Year,Public Holiday
oman,2037,27 Jan,Tuesday,Eid al-Adha (Tentative Date),Public Holiday
oman,2037,28 Jan,Wednesday,Eid al-Adha Holiday (Tentative Date),Public Holiday
oman,2037,29 Jan,Thursday,Eid al-Adha Holiday (Tentative Date),Public Holiday
oman,2037,30 Jan,Friday,Eid al-Adha Holiday (Tentative Date),Public Holiday
oman,2037,17 Feb,Tuesday,Muharram (Tentative Date),Public Holiday
oman,2037,20 Mar,Friday,March Equinox,Season
oman,2037,21 Jun,Sunday,June Solstice,Season
oman,2037,8 Sep,Tuesday,Isra and Mi'raj (Tentative Date),Public Holiday
oman,2037,22 Sep,Tuesday,September Equinox,Season
oman,2037,11 Oct,Sunday,Ramadan Start (Tentative Date),Observance
oman,2037,10 Nov,Tuesday,Eid al-Fitr (Tentative Date),Public Holiday
oman,2037,11 Nov,Wednesday,Eid al-Fitr Holiday (Tentative Date),Public Holiday
oman,2037,12 Nov,Thursday,Eid al-Fitr Holiday (Tentative Date),Public Holiday
oman,2037,13 Nov,Friday,Eid al-Fitr Holiday (Tentative Date),Public Holiday
oman,2037,18 Nov,Wednesday,National Day,Public Holiday
oman,2037,21 Dec,Monday,December Solstice,Season
oman,2038,1 Jan,Friday,New Year,Public Holiday
oman,2038,16 Jan,Saturday,Eid al-Adha (Tentative Date),Public Holiday
oman,2038,17 Jan,Sunday,Eid al-Adha Holiday (Tentative Date),Public Holiday
oman,2038,18 Jan,Monday,Eid al-Adha Holiday (Tentative Date),Public Holiday
oman,2038,19 Jan,Tuesday,Eid al-Adha Holiday (Tentative Date),Public Holiday
oman,2038,6 Feb,Saturday,Muharram (Tentative Date),Public Holiday
oman,2038,20 Mar,Saturday,March Equinox,Season
oman,2038,21 Jun,Monday,June Solstice,Season
oman,2038,28 Aug,Saturday,Isra and Mi'raj (Tentative Date),Public Holiday
oman,2038,23 Sep,Thursday,September Equinox,Season
oman,2038,30 Sep,Thursday,Ramadan Start (Tentative Date),Observance
oman,2038,30 Oct,Saturday,Eid al-Fitr (Tentative Date),Public Holiday
oman,2038,31 Oct,Sunday,Eid al-Fitr Holiday (Tentative Date),Public Holiday
oman,2038,1 Nov,Monday,Eid al-Fitr Holiday (Tentative Date),Public Holiday
oman,2038,2 Nov,Tuesday,Eid al-Fitr Holiday (Tentative Date),Public Holiday
oman,2038,18 Nov,Thursday,National Day,Public Holiday
oman,2038,21 Dec,Tuesday,December Solstice,Season
oman,2039,1 Jan,Saturday,New Year,Public Holiday
oman,2039,5 Jan,Wednesday,Eid al-Adha (Tentative Date),Public Holiday
oman,2039,6 Jan,Thursday,Eid al-Adha Holiday (Tentative Date),Public Holiday
oman,2039,7 Jan,Friday,Eid al-Adha Holiday (Tentative Date),Public Holiday
oman,2039,8 Jan,Saturday,Eid al-Adha Holiday (Tentative Date),Public Holiday
oman,2039,26 Jan,Wednesday,Muharram (Tentative Date),Public Holiday
oman,2039,20 Mar,Sunday,March Equinox,Season
oman,2039,21 Jun,Tuesday,June Solstice,Season
oman,2039,17 Aug,Wednesday,Isra and Mi'raj (Tentative Date),Public Holiday
oman,2039,19 Sep,Monday,Ramadan Start (Tentative Date),Observance
oman,2039,23 Sep,Friday,September Equinox,Season
oman,2039,19 Oct,Wednesday,Eid al-Fitr (Tentative Date),Public Holiday
oman,2039,20 Oct,Thursday,Eid al-Fitr Holiday (Tentative Date),Public Holiday
oman,2039,21 Oct,Friday,Eid al-Fitr Holiday (Tentative Date),Public Holiday
oman,2039,22 Oct,Saturday,Eid al-Fitr Holiday (Tentative Date),Public Holiday
oman,2039,18 Nov,Friday,National Day,Public Holiday
oman,2039,22 Dec,Thursday,December Solstice,Season
oman,2039,26 Dec,Monday,Eid al-Adha (Tentative Date),Public Holiday
oman,2039,27 Dec,Tuesday,Eid al-Adha Holiday (Tentative Date),Public Holiday
oman,2039,28 Dec,Wednesday,Eid al-Adha Holiday (Tentative Date),Public Holiday
oman,2039,29 Dec,Thursday,Eid al-Adha Holiday (Tentative Date),Public Holiday
oman,2040,1 Jan,Sunday,New Year,Public Holiday
oman,2040,16 Jan,Monday,Muharram (Tentative Date),Public Holiday
oman,2040,20 Mar,Tuesday,March Equinox,Season
oman,2040,20 Jun,Wednesday,June Solstice,Season
oman,2040,6 Aug,Monday,Isra and Mi'raj (Tentative Date),Public Holiday
oman,2040,8 Sep,Saturday,Ramadan Start (Tentative Date),Observance
oman,2040,22 Sep,Saturday,September Equinox,Season
oman,2040,8 Oct,Monday,Eid al-Fitr (Tentative Date),Public Holiday
oman,2040,9 Oct,Tuesday,Eid al-Fitr Holiday (Tentative Date),Public Holiday
oman,2040,10 Oct,Wednesday,Eid al-Fitr Holiday (Tentative Date),Public Holiday
oman,2040,11 Oct,Thursday,Eid al-Fitr Holiday (Tentative Date),Public Holiday
oman,2040,18 Nov,Sunday,National Day,Public Holiday
oman,2040,15 Dec,Saturday,Eid al-Adha (Tentative Date),Public Holiday
oman,2040,16 Dec,Sunday,Eid al-Adha Holiday (Tentative Date),Public Holiday
oman,2040,17 Dec,Monday,Eid al-Adha Holiday (Tentative Date),Public Holiday
oman,2040,18 Dec,Tuesday,Eid al-Adha Holiday (Tentative Date),Public Holiday
oman,2040,21 Dec,Friday,December Solstice,Season
