Geo,Event Year,Date,Day,Name,Type
pakistan,2005,1 Jan,Saturday,New Year's Day,Optional Holiday
pakistan,2005,21 Jan,Friday,Eid al-Adha,Public Holiday
pakistan,2005,22 Jan,Saturday,Eid al-Adha Holiday,Public Holiday
pakistan,2005,5 Feb,Saturday,Kashmir Day,Public Holiday
pakistan,2005,13 Feb,Sunday,Basant Panchami,Optional Holiday
pakistan,2005,18 Feb,Friday,Ashura,Public Holiday
pakistan,2005,19 Feb,Saturday,Ashura Holiday,Public Holiday
pakistan,2005,13 Mar,Sunday,Holi,Optional Holiday
pakistan,2005,20 Mar,Sunday,March Equinox,Season
pakistan,2005,23 Mar,Wednesday,Pakistan Day,Public Holiday
pakistan,2005,25 Mar,Friday,Good Friday,Optional Holiday
pakistan,2005,27 Mar,Sunday,Easter Sunday,Observance
pakistan,2005,28 Mar,Monday,Easter Monday,"Christian, Common local holiday"
pakistan,2005,21 Apr,Thursday,Ridván,Optional Holiday
pakistan,2005,22 Apr,Friday,Eid Milad un-Nabi,Public Holiday
pakistan,2005,1 May,Sunday,Labour Day,Public Holiday
pakistan,2005,21 Jun,Tuesday,June Solstice,Season
pakistan,2005,14 Aug,Sunday,Independence Day,Public Holiday
pakistan,2005,20 Aug,Saturday,Nauroz,Optional Holiday
pakistan,2005,26 Aug,Friday,Janmashtami,Optional Holiday
pakistan,2005,1 Sep,Thursday,Shab e-Meraj,Optional Holiday
pakistan,2005,6 Sep,Tuesday,Defence Day,Observance
pakistan,2005,19 Sep,Monday,Shab e-Barat,Optional Holiday
pakistan,2005,23 Sep,Friday,September Equinox,Season
pakistan,2005,1 Nov,Tuesday,Diwali/Deepavali,Optional Holiday
pakistan,2005,4 Nov,Friday,Eid-ul-Fitr,Public Holiday
pakistan,2005,5 Nov,Saturday,Eid-ul-Fitr Holiday,Public Holiday
pakistan,2005,6 Nov,Sunday,Eid-ul-Fitr Holiday,Public Holiday
pakistan,2005,7 Nov,Monday,Eid-ul-Fitr Holiday,Public Holiday
pakistan,2005,9 Nov,Wednesday,Iqbal Day,Public Holiday
pakistan,2005,26 Nov,Saturday,Guru Nanak's Birthday,Optional Holiday
pakistan,2005,21 Dec,Wednesday,December Solstice,Season
pakistan,2005,24 Dec,Saturday,Christmas Eve,Observance
pakistan,2005,25 Dec,Sunday,Christmas Day,Public Holiday
pakistan,2005,25 Dec,Sunday,Quaid-e-Azam Day,Public Holiday
pakistan,2005,26 Dec,Monday,Day After Christmas (Christians only),Optional Holiday
pakistan,2005,31 Dec,Saturday,New Year's Eve,Observance
pakistan,2006,1 Jan,Sunday,New Year's Day,Optional Holiday
pakistan,2006,10 Jan,Tuesday,Eid al-Adha,Public Holiday
pakistan,2006,11 Jan,Wednesday,Eid al-Adha Holiday,Public Holiday
pakistan,2006,2 Feb,Thursday,Basant Panchami,Optional Holiday
pakistan,2006,5 Feb,Sunday,Kashmir Day,Public Holiday
pakistan,2006,8 Feb,Wednesday,Ashura,Public Holiday
pakistan,2006,9 Feb,Thursday,Ashura Holiday,Public Holiday
pakistan,2006,27 Feb,Monday,Shivaratri,Hindu Holiday
pakistan,2006,14 Mar,Tuesday,Holi,Optional Holiday
pakistan,2006,15 Mar,Wednesday,Dulhandi,Optional Holiday
pakistan,2006,20 Mar,Monday,Chelum,Optional Holiday
pakistan,2006,20 Mar,Monday,March Equinox,Season
pakistan,2006,23 Mar,Thursday,Pakistan Day,Public Holiday
pakistan,2006,11 Apr,Tuesday,Eid Milad un-Nabi,Public Holiday
pakistan,2006,13 Apr,Thursday,Baisakhi,Optional Holiday
pakistan,2006,14 Apr,Friday,Good Friday,Optional Holiday
pakistan,2006,16 Apr,Sunday,Easter Sunday,Observance
pakistan,2006,17 Apr,Monday,Easter Monday,"Christian, Common local holiday"
pakistan,2006,21 Apr,Friday,Ridván,Optional Holiday
pakistan,2006,1 May,Monday,Labour Day,Public Holiday
pakistan,2006,9 May,Tuesday,Giarhwin Sharief,Optional Holiday
pakistan,2006,13 May,Saturday,Buddha Purnima,Optional Holiday
pakistan,2006,21 Jun,Wednesday,June Solstice,Season
pakistan,2006,14 Aug,Monday,Independence Day,Public Holiday
pakistan,2006,16 Aug,Wednesday,Janmashtami,Optional Holiday
pakistan,2006,20 Aug,Sunday,Nauroz,Optional Holiday
pakistan,2006,21 Aug,Monday,Shab e-Meraj,Optional Holiday
pakistan,2006,25 Aug,Friday,Birthday of Lord Zoroaster (Khordad Sal),Optional Holiday
pakistan,2006,6 Sep,Wednesday,Defence Day,Observance
pakistan,2006,8 Sep,Friday,Shab e-Barat,Optional Holiday
pakistan,2006,23 Sep,Saturday,September Equinox,Season
pakistan,2006,2 Oct,Monday,Durga Puja,Optional Holiday
pakistan,2006,2 Oct,Monday,Dussehra,Optional Holiday
pakistan,2006,7 Oct,Saturday,Birthday of Guru Balmik Sawami Ji,Optional Holiday
pakistan,2006,21 Oct,Saturday,Diwali/Deepavali,Optional Holiday
pakistan,2006,24 Oct,Tuesday,Eid-ul-Fitr,Public Holiday
pakistan,2006,25 Oct,Wednesday,Eid-ul-Fitr Holiday,Public Holiday
pakistan,2006,26 Oct,Thursday,Eid-ul-Fitr Holiday,Public Holiday
pakistan,2006,27 Oct,Friday,Eid-ul-Fitr Holiday,Public Holiday
pakistan,2006,5 Nov,Sunday,Guru Nanak's Birthday,Optional Holiday
pakistan,2006,9 Nov,Thursday,Iqbal Day,Public Holiday
pakistan,2006,22 Dec,Friday,December Solstice,Season
pakistan,2006,24 Dec,Sunday,Christmas Eve,Observance
pakistan,2006,25 Dec,Monday,Christmas Day,Public Holiday
pakistan,2006,25 Dec,Monday,Quaid-e-Azam Day,Public Holiday
pakistan,2006,26 Dec,Tuesday,Day After Christmas (Christians only),Optional Holiday
pakistan,2006,31 Dec,Sunday,New Year's Eve,Observance
pakistan,2006,31 Dec,Sunday,Eid al-Adha,Public Holiday
pakistan,2007,1 Jan,Monday,New Year's Day,Optional Holiday
pakistan,2007,1 Jan,Monday,Eid al-Adha Holiday,Public Holiday
pakistan,2007,23 Jan,Tuesday,Basant Panchami,Optional Holiday
pakistan,2007,28 Jan,Sunday,Ashura,Public Holiday
pakistan,2007,29 Jan,Monday,Ashura Holiday,Public Holiday
pakistan,2007,5 Feb,Monday,Kashmir Day,Public Holiday
pakistan,2007,17 Feb,Saturday,Shivaratri,Hindu Holiday
pakistan,2007,3 Mar,Saturday,Holi,Optional Holiday
pakistan,2007,4 Mar,Sunday,Dulhandi,Optional Holiday
pakistan,2007,8 Mar,Thursday,Chelum,Optional Holiday
pakistan,2007,21 Mar,Wednesday,March Equinox,Season
pakistan,2007,23 Mar,Friday,Pakistan Day,Public Holiday
pakistan,2007,31 Mar,Saturday,Eid Milad un-Nabi,Public Holiday
pakistan,2007,6 Apr,Friday,Good Friday,Optional Holiday
pakistan,2007,8 Apr,Sunday,Easter Sunday,Observance
pakistan,2007,9 Apr,Monday,Easter Monday,"Christian, Common local holiday"
pakistan,2007,13 Apr,Friday,Baisakhi,Optional Holiday
pakistan,2007,21 Apr,Saturday,Ridván,Optional Holiday
pakistan,2007,28 Apr,Saturday,Giarhwin Sharief,Optional Holiday
pakistan,2007,1 May,Tuesday,Labour Day,Public Holiday
pakistan,2007,2 May,Wednesday,Buddha Purnima,Optional Holiday
pakistan,2007,21 Jun,Thursday,June Solstice,Season
pakistan,2007,11 Aug,Saturday,Shab e-Meraj,Optional Holiday
pakistan,2007,14 Aug,Tuesday,Independence Day,Public Holiday
pakistan,2007,21 Aug,Tuesday,Nauroz,Optional Holiday
pakistan,2007,25 Aug,Saturday,Birthday of Lord Zoroaster (Khordad Sal),Optional Holiday
pakistan,2007,26 Aug,Sunday,Shab e-Barat,Optional Holiday
pakistan,2007,4 Sep,Tuesday,Janmashtami,Optional Holiday
pakistan,2007,6 Sep,Thursday,Defence Day,Observance
pakistan,2007,23 Sep,Sunday,September Equinox,Season
pakistan,2007,13 Oct,Saturday,Eid-ul-Fitr,Public Holiday
pakistan,2007,14 Oct,Sunday,Eid-ul-Fitr Holiday,Public Holiday
pakistan,2007,15 Oct,Monday,Eid-ul-Fitr Holiday,Public Holiday
pakistan,2007,16 Oct,Tuesday,Eid-ul-Fitr Holiday,Public Holiday
pakistan,2007,20 Oct,Saturday,Durga Puja,Optional Holiday
pakistan,2007,21 Oct,Sunday,Dussehra,Optional Holiday
pakistan,2007,26 Oct,Friday,Birthday of Guru Balmik Sawami Ji,Optional Holiday
pakistan,2007,9 Nov,Friday,Iqbal Day,Public Holiday
pakistan,2007,9 Nov,Friday,Diwali/Deepavali,Optional Holiday
pakistan,2007,24 Nov,Saturday,Guru Nanak's Birthday,Optional Holiday
pakistan,2007,20 Dec,Thursday,Eid al-Adha,Public Holiday
pakistan,2007,21 Dec,Friday,Eid al-Adha Holiday,Public Holiday
pakistan,2007,22 Dec,Saturday,December Solstice,Season
pakistan,2007,24 Dec,Monday,Christmas Eve,Observance
pakistan,2007,25 Dec,Tuesday,Christmas Day,Public Holiday
pakistan,2007,25 Dec,Tuesday,Quaid-e-Azam Day,Public Holiday
pakistan,2007,26 Dec,Wednesday,Day After Christmas (Christians only),Optional Holiday
pakistan,2007,31 Dec,Monday,New Year's Eve,Observance
pakistan,2008,1 Jan,Tuesday,New Year's Day,Optional Holiday
pakistan,2008,18 Jan,Friday,Ashura,Public Holiday
pakistan,2008,19 Jan,Saturday,Ashura Holiday,Public Holiday
pakistan,2008,5 Feb,Tuesday,Kashmir Day,Public Holiday
pakistan,2008,11 Feb,Monday,Basant Panchami,Optional Holiday
pakistan,2008,29 Feb,Friday,Chelum,Optional Holiday
pakistan,2008,6 Mar,Thursday,Shivaratri,Optional Holiday
pakistan,2008,20 Mar,Thursday,March Equinox,Season
pakistan,2008,21 Mar,Friday,Good Friday,Optional Holiday
pakistan,2008,21 Mar,Friday,Eid Milad un-Nabi,Public Holiday
pakistan,2008,21 Mar,Friday,Holi,Optional Holiday
pakistan,2008,22 Mar,Saturday,Dulhandi,Optional Holiday
pakistan,2008,23 Mar,Sunday,Easter Sunday,Observance
pakistan,2008,23 Mar,Sunday,Pakistan Day,Public Holiday
pakistan,2008,24 Mar,Monday,Easter Monday,"Christian, Common local holiday"
pakistan,2008,13 Apr,Sunday,Baisakhi,Optional Holiday
pakistan,2008,18 Apr,Friday,Giarhwin Sharief,Optional Holiday
pakistan,2008,21 Apr,Monday,Ridván,Optional Holiday
pakistan,2008,1 May,Thursday,Labour Day,Public Holiday
pakistan,2008,20 May,Tuesday,Buddha Purnima,Optional Holiday
pakistan,2008,21 Jun,Saturday,June Solstice,Season
pakistan,2008,1 Aug,Friday,Shab e-Meraj,Optional Holiday
pakistan,2008,14 Aug,Thursday,Independence Day,Public Holiday
pakistan,2008,16 Aug,Saturday,Raksha Bandhan,Hindu Holiday
pakistan,2008,17 Aug,Sunday,Shab e-Barat,Optional Holiday
pakistan,2008,19 Aug,Tuesday,Nauroz,Optional Holiday
pakistan,2008,24 Aug,Sunday,Janmashtami,Optional Holiday
pakistan,2008,24 Aug,Sunday,Birthday of Lord Zoroaster (Khordad Sal),Optional Holiday
pakistan,2008,3 Sep,Wednesday,Ganesh Chaturthi,Hindu Holiday
pakistan,2008,6 Sep,Saturday,Defence Day,Observance
pakistan,2008,22 Sep,Monday,September Equinox,Season
pakistan,2008,30 Sep,Tuesday,First Day of Navaratri,Hindu Holiday
pakistan,2008,30 Sep,Tuesday,Durga Puja,Optional Holiday
pakistan,2008,2 Oct,Thursday,Eid-ul-Fitr,Public Holiday
pakistan,2008,3 Oct,Friday,Eid-ul-Fitr Holiday,Public Holiday
pakistan,2008,4 Oct,Saturday,Eid-ul-Fitr Holiday,Public Holiday
pakistan,2008,5 Oct,Sunday,Eid-ul-Fitr Holiday,Public Holiday
pakistan,2008,9 Oct,Thursday,Dussehra,Optional Holiday
pakistan,2008,14 Oct,Tuesday,Birthday of Guru Balmik Sawami Ji,Optional Holiday
pakistan,2008,28 Oct,Tuesday,Diwali/Deepavali,Optional Holiday
pakistan,2008,9 Nov,Sunday,Iqbal Day,Public Holiday
pakistan,2008,13 Nov,Thursday,Guru Nanak's Birthday,Optional Holiday
pakistan,2008,9 Dec,Tuesday,Eid al-Adha,Public Holiday
pakistan,2008,10 Dec,Wednesday,Eid al-Adha Holiday,Public Holiday
pakistan,2008,21 Dec,Sunday,December Solstice,Season
pakistan,2008,24 Dec,Wednesday,Christmas Eve,Observance
pakistan,2008,25 Dec,Thursday,Christmas Day,Public Holiday
pakistan,2008,25 Dec,Thursday,Quaid-e-Azam Day,Public Holiday
pakistan,2008,26 Dec,Friday,Day After Christmas (Christians only),Optional Holiday
pakistan,2008,27 Dec,Saturday,Anniversary of Benazir Bhutto's Martyrdom,Public Holiday
pakistan,2008,31 Dec,Wednesday,New Year's Eve,Observance
pakistan,2009,1 Jan,Thursday,New Year's Day,Optional Holiday
pakistan,2009,6 Jan,Tuesday,Ashura,Public Holiday
pakistan,2009,7 Jan,Wednesday,Ashura Holiday,Public Holiday
pakistan,2009,31 Jan,Saturday,Basant Panchami,Optional Holiday
pakistan,2009,5 Feb,Thursday,Kashmir Day,Public Holiday
pakistan,2009,16 Feb,Monday,Chelum,Optional Holiday
pakistan,2009,9 Mar,Monday,Eid Milad un-Nabi,Public Holiday
pakistan,2009,20 Mar,Friday,March Equinox,Season
pakistan,2009,23 Mar,Monday,Pakistan Day,Public Holiday
pakistan,2009,10 Apr,Friday,Good Friday,Optional Holiday
pakistan,2009,12 Apr,Sunday,Easter Sunday,Observance
pakistan,2009,13 Apr,Monday,Easter Monday,"Christian, Common local holiday"
pakistan,2009,21 Apr,Tuesday,Ridván,Optional Holiday
pakistan,2009,1 May,Friday,Labour Day,Public Holiday
pakistan,2009,8 May,Friday,Buddha Purnima,Optional Holiday
pakistan,2009,21 Jun,Sunday,June Solstice,Season
pakistan,2009,20 Jul,Monday,Shab e-Meraj,Optional Holiday
pakistan,2009,31 Jul,Friday,Shab e-Barat,Optional Holiday
pakistan,2009,5 Aug,Wednesday,Raksha Bandhan,Hindu Holiday
pakistan,2009,14 Aug,Friday,Independence Day,Public Holiday
pakistan,2009,14 Aug,Friday,Janmashtami,Optional Holiday
pakistan,2009,23 Aug,Sunday,Ganesh Chaturthi,Hindu Holiday
pakistan,2009,24 Aug,Monday,Birthday of Lord Zoroaster (Khordad Sal),Optional Holiday
pakistan,2009,6 Sep,Sunday,Defence Day,Observance
pakistan,2009,19 Sep,Saturday,First Day of Navaratri,Hindu Holiday
pakistan,2009,21 Sep,Monday,Eid-ul-Fitr,Public Holiday
pakistan,2009,22 Sep,Tuesday,Eid-ul-Fitr Holiday,Public Holiday
pakistan,2009,23 Sep,Wednesday,Eid-ul-Fitr Holiday,Public Holiday
pakistan,2009,23 Sep,Wednesday,September Equinox,Season
pakistan,2009,24 Sep,Thursday,Eid-ul-Fitr Holiday,Public Holiday
pakistan,2009,24 Sep,Thursday,Durga Puja,Optional Holiday
pakistan,2009,17 Oct,Saturday,Diwali/Deepavali,Optional Holiday
pakistan,2009,9 Nov,Monday,Iqbal Day,Public Holiday
pakistan,2009,28 Nov,Saturday,Eid al-Adha,Public Holiday
pakistan,2009,29 Nov,Sunday,Eid al-Adha Holiday,Public Holiday
pakistan,2009,21 Dec,Monday,December Solstice,Season
pakistan,2009,24 Dec,Thursday,Christmas Eve,Observance
pakistan,2009,25 Dec,Friday,Christmas Day,Public Holiday
pakistan,2009,25 Dec,Friday,Quaid-e-Azam Day,Public Holiday
pakistan,2009,26 Dec,Saturday,Day After Christmas (Christians only),Optional Holiday
pakistan,2009,26 Dec,Saturday,Ashura,Public Holiday
pakistan,2009,27 Dec,Sunday,Ashura Holiday,Public Holiday
pakistan,2009,31 Dec,Thursday,New Year's Eve,Observance
pakistan,2010,1 Jan,Friday,New Year's Day,Optional Holiday
pakistan,2010,31 Jan,Sunday,Basant Panchami,Optional Holiday
pakistan,2010,5 Feb,Friday,Kashmir Day,Public Holiday
pakistan,2010,5 Feb,Friday,Chelum,Optional Holiday
pakistan,2010,23 Feb,Tuesday,Shivaratri,Optional Holiday
pakistan,2010,1 Mar,Monday,Eid Milad un-Nabi,Public Holiday
pakistan,2010,11 Mar,Thursday,Holi,Optional Holiday
pakistan,2010,12 Mar,Friday,Dulhandi,Optional Holiday
pakistan,2010,20 Mar,Saturday,March Equinox,Season
pakistan,2010,23 Mar,Tuesday,Pakistan Day,Public Holiday
pakistan,2010,2 Apr,Friday,Good Friday,Optional Holiday
pakistan,2010,4 Apr,Sunday,Easter Sunday,Observance
pakistan,2010,5 Apr,Monday,Easter Monday,"Christian, Common local holiday"
pakistan,2010,14 Apr,Wednesday,Baisakhi,Optional Holiday
pakistan,2010,21 Apr,Wednesday,Ridván,Optional Holiday
pakistan,2010,1 May,Saturday,Labour Day,Public Holiday
pakistan,2010,27 May,Thursday,Buddha Purnima,Optional Holiday
pakistan,2010,21 Jun,Monday,June Solstice,Season
pakistan,2010,9 Jul,Friday,Shab e-Meraj,Optional Holiday
pakistan,2010,20 Jul,Tuesday,Shab e-Barat,Optional Holiday
pakistan,2010,14 Aug,Saturday,Independence Day,Public Holiday
pakistan,2010,19 Aug,Thursday,Nauroz,Optional Holiday
pakistan,2010,24 Aug,Tuesday,Raksha Bandhan,Hindu Holiday
pakistan,2010,24 Aug,Tuesday,Birthday of Lord Zoroaster (Khordad Sal),Optional Holiday
pakistan,2010,2 Sep,Thursday,Janmashtami,Optional Holiday
pakistan,2010,6 Sep,Monday,Defence Day,Observance
pakistan,2010,10 Sep,Friday,Eid-ul-Fitr,Public Holiday
pakistan,2010,11 Sep,Saturday,Ganesh Chaturthi,Hindu Holiday
pakistan,2010,11 Sep,Saturday,Eid-ul-Fitr Holiday,Public Holiday
pakistan,2010,12 Sep,Sunday,Eid-ul-Fitr Holiday,Public Holiday
pakistan,2010,13 Sep,Monday,Eid-ul-Fitr Holiday,Public Holiday
pakistan,2010,23 Sep,Thursday,September Equinox,Season
pakistan,2010,2 Oct,Saturday,Durga Puja,Optional Holiday
pakistan,2010,8 Oct,Friday,First Day of Navaratri,Hindu Holiday
pakistan,2010,17 Oct,Sunday,Dussehra,Optional Holiday
pakistan,2010,22 Oct,Friday,Birthday of Guru Balmik Sawami Ji,Optional Holiday
pakistan,2010,5 Nov,Friday,Diwali/Deepavali,Optional Holiday
pakistan,2010,9 Nov,Tuesday,Iqbal Day,Public Holiday
pakistan,2010,17 Nov,Wednesday,Eid al-Adha,Public Holiday
pakistan,2010,18 Nov,Thursday,Eid al-Adha Holiday,Public Holiday
pakistan,2010,21 Nov,Sunday,Guru Nanak's Birthday,Optional Holiday
pakistan,2010,16 Dec,Thursday,Ashura,Public Holiday
pakistan,2010,17 Dec,Friday,Ashura Holiday,Public Holiday
pakistan,2010,22 Dec,Wednesday,December Solstice,Season
pakistan,2010,24 Dec,Friday,Christmas Eve,Observance
pakistan,2010,25 Dec,Saturday,Christmas Day,Public Holiday
pakistan,2010,25 Dec,Saturday,Quaid-e-Azam Day,Public Holiday
pakistan,2010,26 Dec,Sunday,Day After Christmas (Christians only),Optional Holiday
pakistan,2010,31 Dec,Friday,New Year's Eve,Observance
pakistan,2011,1 Jan,Saturday,New Year's Day,Optional Holiday
pakistan,2011,26 Jan,Wednesday,Chelum,Optional Holiday
pakistan,2011,5 Feb,Saturday,Kashmir Day,Public Holiday
pakistan,2011,8 Feb,Tuesday,Basant Panchami,Optional Holiday
pakistan,2011,17 Feb,Thursday,Eid Milad un-Nabi,Public Holiday
pakistan,2011,2 Mar,Wednesday,Shivaratri,Optional Holiday
pakistan,2011,20 Mar,Sunday,Holi,Optional Holiday
pakistan,2011,21 Mar,Monday,March Equinox,Season
pakistan,2011,23 Mar,Wednesday,Pakistan Day,Public Holiday
pakistan,2011,14 Apr,Thursday,Baisakhi,Optional Holiday
pakistan,2011,21 Apr,Thursday,Ridván,Optional Holiday
pakistan,2011,22 Apr,Friday,Good Friday,Optional Holiday
pakistan,2011,24 Apr,Sunday,Easter Sunday,Observance
pakistan,2011,25 Apr,Monday,Easter Monday,"Christian, Common local holiday"
pakistan,2011,1 May,Sunday,Labour Day,Public Holiday
pakistan,2011,17 May,Tuesday,Buddha Purnima,Optional Holiday
pakistan,2011,21 Jun,Tuesday,June Solstice,Season
pakistan,2011,29 Jun,Wednesday,Shab e-Meraj,Optional Holiday
pakistan,2011,10 Jul,Sunday,Shab e-Barat,Optional Holiday
pakistan,2011,13 Aug,Saturday,Raksha Bandhan,Hindu Holiday
pakistan,2011,14 Aug,Sunday,Independence Day,Public Holiday
pakistan,2011,19 Aug,Friday,Nauroz,Optional Holiday
pakistan,2011,22 Aug,Monday,Janmashtami,Optional Holiday
pakistan,2011,24 Aug,Wednesday,Birthday of Lord Zoroaster (Khordad Sal),Optional Holiday
pakistan,2011,31 Aug,Wednesday,Eid-ul-Fitr,Public Holiday
pakistan,2011,1 Sep,Thursday,Ganesh Chaturthi,Hindu Holiday
pakistan,2011,1 Sep,Thursday,Eid-ul-Fitr Holiday,Public Holiday
pakistan,2011,2 Sep,Friday,Eid-ul-Fitr Holiday,Public Holiday
pakistan,2011,3 Sep,Saturday,Eid-ul-Fitr Holiday,Public Holiday
pakistan,2011,6 Sep,Tuesday,Defence Day,Observance
pakistan,2011,23 Sep,Friday,September Equinox,Season
pakistan,2011,28 Sep,Wednesday,First Day of Navaratri,Hindu Holiday
pakistan,2011,28 Sep,Wednesday,Durga Puja,Optional Holiday
pakistan,2011,6 Oct,Thursday,Dussehra,Optional Holiday
pakistan,2011,12 Oct,Wednesday,Birthday of Guru Balmik Sawami Ji,Optional Holiday
pakistan,2011,26 Oct,Wednesday,Diwali/Deepavali,Optional Holiday
pakistan,2011,7 Nov,Monday,Eid al-Adha,Public Holiday
pakistan,2011,8 Nov,Tuesday,Eid al-Adha Holiday,Public Holiday
pakistan,2011,9 Nov,Wednesday,Iqbal Day,Public Holiday
pakistan,2011,10 Nov,Thursday,Guru Nanak's Birthday,Optional Holiday
pakistan,2011,5 Dec,Monday,Ashura,Public Holiday
pakistan,2011,6 Dec,Tuesday,Ashura Holiday,Public Holiday
pakistan,2011,22 Dec,Thursday,December Solstice,Season
pakistan,2011,24 Dec,Saturday,Christmas Eve,Observance
pakistan,2011,25 Dec,Sunday,Christmas Day,Public Holiday
pakistan,2011,25 Dec,Sunday,Quaid-e-Azam Day,Public Holiday
pakistan,2011,26 Dec,Monday,Day After Christmas (Christians only),Optional Holiday
pakistan,2011,31 Dec,Saturday,New Year's Eve,Observance
pakistan,2012,1 Jan,Sunday,New Year's Day,Optional Holiday
pakistan,2012,15 Jan,Sunday,Chelum,Optional Holiday
pakistan,2012,28 Jan,Saturday,Basant Panchami,Observance
pakistan,2012,5 Feb,Sunday,Kashmir Day,Public Holiday
pakistan,2012,5 Feb,Sunday,Eid Milad un-Nabi,Public Holiday
pakistan,2012,20 Feb,Monday,Shivaratri,Hindu Holiday
pakistan,2012,8 Mar,Thursday,Holi,Observance
pakistan,2012,20 Mar,Tuesday,March Equinox,Season
pakistan,2012,23 Mar,Friday,Pakistan Day,Public Holiday
pakistan,2012,6 Apr,Friday,Good Friday,Optional Holiday
pakistan,2012,8 Apr,Sunday,Easter Sunday,Observance
pakistan,2012,9 Apr,Monday,Easter Monday,"Christian, Common local holiday"
pakistan,2012,13 Apr,Friday,Baisakhi,Optional Holiday
pakistan,2012,21 Apr,Saturday,Ridván,Optional Holiday
pakistan,2012,1 May,Tuesday,Labour Day,Public Holiday
pakistan,2012,6 May,Sunday,Buddha Purnima,Optional Holiday
pakistan,2012,17 Jun,Sunday,Shab e-Meraj,Optional Holiday
pakistan,2012,21 Jun,Thursday,June Solstice,Season
pakistan,2012,28 Jun,Thursday,Shab e-Barat,Optional Holiday
pakistan,2012,2 Aug,Thursday,Raksha Bandhan,Hindu Holiday
pakistan,2012,10 Aug,Friday,Janmashtami,Optional Holiday
pakistan,2012,14 Aug,Tuesday,Independence Day,Public Holiday
pakistan,2012,18 Aug,Saturday,Nauroz,Optional Holiday
pakistan,2012,19 Aug,Sunday,Eid-ul-Fitr,Public Holiday
pakistan,2012,20 Aug,Monday,Eid-ul-Fitr Holiday,Public Holiday
pakistan,2012,21 Aug,Tuesday,Eid-ul-Fitr Holiday,Public Holiday
pakistan,2012,22 Aug,Wednesday,Eid-ul-Fitr Holiday,Public Holiday
pakistan,2012,23 Aug,Thursday,Birthday of Lord Zoroaster (Khordad Sal),Optional Holiday
pakistan,2012,6 Sep,Thursday,Defence Day,Observance
pakistan,2012,19 Sep,Wednesday,Ganesh Chaturthi,Hindu Holiday
pakistan,2012,22 Sep,Saturday,September Equinox,Season
pakistan,2012,16 Oct,Tuesday,First Day of Navaratri,Hindu Holiday
pakistan,2012,16 Oct,Tuesday,Durga Puja,Optional Holiday
pakistan,2012,24 Oct,Wednesday,Dussehra,Optional Holiday
pakistan,2012,26 Oct,Friday,Eid al-Adha,Public Holiday
pakistan,2012,27 Oct,Saturday,Eid al-Adha Holiday,Public Holiday
pakistan,2012,29 Oct,Monday,Birthday of Guru Balmik Sawami Ji,Optional Holiday
pakistan,2012,9 Nov,Friday,Iqbal Day,Public Holiday
pakistan,2012,13 Nov,Tuesday,Diwali/Deepavali,Optional Holiday
pakistan,2012,23 Nov,Friday,Ashura,Public Holiday
pakistan,2012,24 Nov,Saturday,Ashura Holiday,Public Holiday
pakistan,2012,28 Nov,Wednesday,Guru Nanak's Birthday,Optional Holiday
pakistan,2012,21 Dec,Friday,December Solstice,Season
pakistan,2012,24 Dec,Monday,Christmas Eve,Observance
pakistan,2012,25 Dec,Tuesday,Christmas Day,Public Holiday
pakistan,2012,25 Dec,Tuesday,Quaid-e-Azam Day,Public Holiday
pakistan,2012,26 Dec,Wednesday,Day After Christmas (Christians only),Optional Holiday
pakistan,2012,31 Dec,Monday,New Year's Eve,Observance
pakistan,2013,1 Jan,Tuesday,New Year's Day,Optional Holiday
pakistan,2013,3 Jan,Thursday,Chelum,Optional Holiday
pakistan,2013,24 Jan,Thursday,Eid Milad un-Nabi,Public Holiday
pakistan,2013,5 Feb,Tuesday,Kashmir Day,Public Holiday
pakistan,2013,14 Feb,Thursday,Basant Panchami,Optional Holiday
pakistan,2013,22 Feb,Friday,Giarhwin Sharief,Optional Holiday
pakistan,2013,10 Mar,Sunday,Shivaratri,Optional Holiday
pakistan,2013,20 Mar,Wednesday,March Equinox,Season
pakistan,2013,23 Mar,Saturday,Pakistan Day,Public Holiday
pakistan,2013,26 Mar,Tuesday,Holi,Optional Holiday
pakistan,2013,27 Mar,Wednesday,Dulhandi,Optional Holiday
pakistan,2013,29 Mar,Friday,Good Friday,Optional Holiday
pakistan,2013,31 Mar,Sunday,Easter Sunday,Observance
pakistan,2013,1 Apr,Monday,Easter Monday,"Christian, Common local holiday"
pakistan,2013,13 Apr,Saturday,Baisakhi,Optional Holiday
pakistan,2013,21 Apr,Sunday,Ridván,Optional Holiday
pakistan,2013,1 May,Wednesday,Labour Day,Public Holiday
pakistan,2013,25 May,Saturday,Buddha Purnima,Optional Holiday
pakistan,2013,6 Jun,Thursday,Shab e-Meraj,Optional Holiday
pakistan,2013,17 Jun,Monday,Shab e-Barat,Optional Holiday
pakistan,2013,21 Jun,Friday,June Solstice,Season
pakistan,2013,1 Jul,Monday,July 1 Bank Holiday,Bank Holiday
pakistan,2013,11 Jul,Thursday,July 11 Bank Holiday,Bank Holiday
pakistan,2013,8 Aug,Thursday,Eid-ul-Fitr,Public Holiday
pakistan,2013,9 Aug,Friday,Eid-ul-Fitr Holiday,Public Holiday
pakistan,2013,10 Aug,Saturday,Eid-ul-Fitr Holiday,Public Holiday
pakistan,2013,11 Aug,Sunday,Eid-ul-Fitr Holiday,Public Holiday
pakistan,2013,14 Aug,Wednesday,Independence Day,Public Holiday
pakistan,2013,18 Aug,Sunday,Nauroz,Optional Holiday
pakistan,2013,20 Aug,Tuesday,Raksha Bandhan,Hindu Holiday
pakistan,2013,23 Aug,Friday,Birthday of Lord Zoroaster (Khordad Sal),Optional Holiday
pakistan,2013,28 Aug,Wednesday,Janmashtami,Optional Holiday
pakistan,2013,6 Sep,Friday,Defence Day,Observance
pakistan,2013,9 Sep,Monday,Ganesh Chaturthi,Hindu Holiday
pakistan,2013,23 Sep,Monday,September Equinox,Season
pakistan,2013,5 Oct,Saturday,First Day of Navaratri,Hindu Holiday
pakistan,2013,5 Oct,Saturday,Durga Puja,Optional Holiday
pakistan,2013,14 Oct,Monday,Dussehra,Optional Holiday
pakistan,2013,15 Oct,Tuesday,Eid al-Adha,Public Holiday
pakistan,2013,16 Oct,Wednesday,Eid al-Adha Holiday,Public Holiday
pakistan,2013,18 Oct,Friday,Birthday of Guru Balmik Sawami Ji,Optional Holiday
pakistan,2013,3 Nov,Sunday,Diwali/Deepavali,Optional Holiday
pakistan,2013,9 Nov,Saturday,Iqbal Day,Public Holiday
pakistan,2013,13 Nov,Wednesday,Ashura,Public Holiday
pakistan,2013,14 Nov,Thursday,Ashura Holiday,Public Holiday
pakistan,2013,17 Nov,Sunday,Guru Nanak's Birthday,Optional Holiday
pakistan,2013,21 Dec,Saturday,December Solstice,Season
pakistan,2013,24 Dec,Tuesday,Christmas Eve,Observance
pakistan,2013,24 Dec,Tuesday,Chelum,Optional Holiday
pakistan,2013,25 Dec,Wednesday,Christmas Day,Public Holiday
pakistan,2013,25 Dec,Wednesday,Quaid-e-Azam Day,Public Holiday
pakistan,2013,26 Dec,Thursday,Day After Christmas (Christians only),Optional Holiday
pakistan,2013,31 Dec,Tuesday,New Year's Eve,Observance
pakistan,2014,1 Jan,Wednesday,New Year's Day,Optional Holiday
pakistan,2014,14 Jan,Tuesday,Eid Milad un-Nabi,Public Holiday
pakistan,2014,4 Feb,Tuesday,Basant Panchami,Optional Holiday
pakistan,2014,5 Feb,Wednesday,Kashmir Day,Public Holiday
pakistan,2014,11 Feb,Tuesday,Giarhwin Sharief,Optional Holiday
pakistan,2014,27 Feb,Thursday,Shivaratri,Optional Holiday
pakistan,2014,16 Mar,Sunday,Holi,Optional Holiday
pakistan,2014,17 Mar,Monday,Dulhandi,Optional Holiday
pakistan,2014,20 Mar,Thursday,March Equinox,Season
pakistan,2014,23 Mar,Sunday,Pakistan Day,Public Holiday
pakistan,2014,14 Apr,Monday,Baisakhi,Optional Holiday
pakistan,2014,18 Apr,Friday,Good Friday,Optional Holiday
pakistan,2014,20 Apr,Sunday,Easter Sunday,Observance
pakistan,2014,21 Apr,Monday,Easter Monday,"Christian, Common local holiday"
pakistan,2014,21 Apr,Monday,Ridván,Optional Holiday
pakistan,2014,1 May,Thursday,Labour Day,Public Holiday
pakistan,2014,14 May,Wednesday,Buddha Purnima,Optional Holiday
pakistan,2014,27 May,Tuesday,Shab e-Meraj,Optional Holiday
pakistan,2014,14 Jun,Saturday,Shab e-Barat,Optional Holiday
pakistan,2014,21 Jun,Saturday,June Solstice,Season
pakistan,2014,1 Jul,Tuesday,July 1 Bank Holiday,Bank Holiday
pakistan,2014,29 Jul,Tuesday,Eid-ul-Fitr,Public Holiday
pakistan,2014,30 Jul,Wednesday,Eid-ul-Fitr Holiday,Public Holiday
pakistan,2014,31 Jul,Thursday,Eid-ul-Fitr Holiday,Public Holiday
pakistan,2014,1 Aug,Friday,Eid-ul-Fitr Holiday,Public Holiday
pakistan,2014,10 Aug,Sunday,Raksha Bandhan,Hindu Holiday
pakistan,2014,14 Aug,Thursday,Independence Day,Public Holiday
pakistan,2014,17 Aug,Sunday,Janmashtami,Optional Holiday
pakistan,2014,18 Aug,Monday,Nauroz,Optional Holiday
pakistan,2014,23 Aug,Saturday,Birthday of Lord Zoroaster (Khordad Sal),Optional Holiday
pakistan,2014,29 Aug,Friday,Ganesh Chaturthi,Hindu Holiday
pakistan,2014,6 Sep,Saturday,Defence Day,Observance
pakistan,2014,23 Sep,Tuesday,September Equinox,Season
pakistan,2014,25 Sep,Thursday,First Day of Navaratri,Hindu Holiday
pakistan,2014,25 Sep,Thursday,Durga Puja,Optional Holiday
pakistan,2014,3 Oct,Friday,Dussehra,Optional Holiday
pakistan,2014,6 Oct,Monday,Eid al-Adha,Public Holiday
pakistan,2014,7 Oct,Tuesday,Eid al-Adha Holiday,Public Holiday
pakistan,2014,8 Oct,Wednesday,Eid al-Adha Holiday,Public Holiday
pakistan,2014,8 Oct,Wednesday,Birthday of Guru Balmik Sawami Ji,Optional Holiday
pakistan,2014,23 Oct,Thursday,Diwali/Deepavali,Optional Holiday
pakistan,2014,3 Nov,Monday,Ashura,Public Holiday
pakistan,2014,4 Nov,Tuesday,Ashura Holiday,Public Holiday
pakistan,2014,6 Nov,Thursday,Guru Nanak's Birthday,Optional Holiday
pakistan,2014,9 Nov,Sunday,Iqbal Day,Public Holiday
pakistan,2014,13 Dec,Saturday,Chelum,Optional Holiday
pakistan,2014,22 Dec,Monday,December Solstice,Season
pakistan,2014,24 Dec,Wednesday,Christmas Eve,Observance
pakistan,2014,25 Dec,Thursday,Christmas Day,Public Holiday
pakistan,2014,25 Dec,Thursday,Quaid-e-Azam Day,Public Holiday
pakistan,2014,26 Dec,Friday,Day After Christmas (Christians only),Optional Holiday
pakistan,2014,31 Dec,Wednesday,New Year's Eve,Observance
pakistan,2015,1 Jan,Thursday,New Year's Day,Optional Holiday
pakistan,2015,4 Jan,Sunday,Eid Milad un-Nabi,Public Holiday
pakistan,2015,20 Jan,Tuesday,Peshawar Massacre Remembrance Day,Common local holiday
pakistan,2015,24 Jan,Saturday,Basant Panchami,Optional Holiday
pakistan,2015,31 Jan,Saturday,Giarhwin Sharief,Optional Holiday
pakistan,2015,5 Feb,Thursday,Kashmir Day,Public Holiday
pakistan,2015,17 Feb,Tuesday,Shivaratri,Optional Holiday
pakistan,2015,5 Mar,Thursday,Holi,Optional Holiday
pakistan,2015,6 Mar,Friday,Dulhandi,Optional Holiday
pakistan,2015,21 Mar,Saturday,March Equinox,Season
pakistan,2015,23 Mar,Monday,Pakistan Day,Public Holiday
pakistan,2015,3 Apr,Friday,Good Friday,Optional Holiday
pakistan,2015,5 Apr,Sunday,Easter Sunday,Observance
pakistan,2015,6 Apr,Monday,Easter Monday,"Christian, Common local holiday"
pakistan,2015,14 Apr,Tuesday,Baisakhi,Optional Holiday
pakistan,2015,21 Apr,Tuesday,Ridván,Optional Holiday
pakistan,2015,1 May,Friday,Labour Day,Public Holiday
pakistan,2015,4 May,Monday,Buddha Purnima,Optional Holiday
pakistan,2015,16 May,Saturday,Shab e-Meraj,Optional Holiday
pakistan,2015,27 May,Wednesday,Shab e-Barat,Optional Holiday
pakistan,2015,21 Jun,Sunday,June Solstice,Season
pakistan,2015,1 Jul,Wednesday,July 1 Bank Holiday,Bank Holiday
pakistan,2015,17 Jul,Friday,Eid-ul-Fitr,Public Holiday
pakistan,2015,18 Jul,Saturday,Eid-ul-Fitr Holiday,Public Holiday
pakistan,2015,19 Jul,Sunday,Eid-ul-Fitr Holiday,Public Holiday
pakistan,2015,20 Jul,Monday,Eid-ul-Fitr Holiday,Public Holiday
pakistan,2015,14 Aug,Friday,Independence Day,Public Holiday
pakistan,2015,18 Aug,Tuesday,Nauroz,Optional Holiday
pakistan,2015,23 Aug,Sunday,Birthday of Lord Zoroaster (Khordad Sal),Optional Holiday
pakistan,2015,29 Aug,Saturday,Raksha Bandhan,Hindu Holiday
pakistan,2015,5 Sep,Saturday,Janmashtami,Optional Holiday
pakistan,2015,6 Sep,Sunday,Defence Day,Observance
pakistan,2015,17 Sep,Thursday,Ganesh Chaturthi,Hindu Holiday
pakistan,2015,23 Sep,Wednesday,September Equinox,Season
pakistan,2015,24 Sep,Thursday,Eid al-Adha,Public Holiday
pakistan,2015,25 Sep,Friday,Eid al-Adha Holiday,Public Holiday
pakistan,2015,26 Sep,Saturday,Eid al-Adha Holiday,Public Holiday
pakistan,2015,27 Sep,Sunday,Eid al-Adha Holiday,Public Holiday
pakistan,2015,14 Oct,Wednesday,First Day of Navaratri,Hindu Holiday
pakistan,2015,18 Oct,Sunday,Durga Puja,Optional Holiday
pakistan,2015,22 Oct,Thursday,Dussehra,Optional Holiday
pakistan,2015,23 Oct,Friday,Ashura,Public Holiday
pakistan,2015,24 Oct,Saturday,Ashura Holiday,Public Holiday
pakistan,2015,27 Oct,Tuesday,Birthday of Guru Balmik Sawami Ji,Optional Holiday
pakistan,2015,9 Nov,Monday,Iqbal Day,Optional Holiday
pakistan,2015,11 Nov,Wednesday,Diwali/Deepavali,Optional Holiday
pakistan,2015,25 Nov,Wednesday,Guru Nanak's Birthday,Optional Holiday
pakistan,2015,3 Dec,Thursday,Chelum,Optional Holiday
pakistan,2015,16 Dec,Wednesday,APS Attacks Commemoration Day,Common local holiday
pakistan,2015,22 Dec,Tuesday,December Solstice,Season
pakistan,2015,24 Dec,Thursday,Christmas Eve,Observance
pakistan,2015,25 Dec,Friday,Christmas Day,Public Holiday
pakistan,2015,25 Dec,Friday,Quaid-e-Azam Day,Public Holiday
pakistan,2015,26 Dec,Saturday,Day After Christmas (Christians only),Optional Holiday
pakistan,2015,31 Dec,Thursday,New Year's Eve,Observance
pakistan,2016,1 Jan,Friday,New Year's Day,Optional Holiday
pakistan,2016,22 Jan,Friday,Giarhwin Sharief,Optional Holiday
pakistan,2016,5 Feb,Friday,Kashmir Day,Public Holiday
pakistan,2016,12 Feb,Friday,Basant Panchami,Optional Holiday
pakistan,2016,7 Mar,Monday,Shivaratri,Optional Holiday
pakistan,2016,20 Mar,Sunday,March Equinox,Season
pakistan,2016,23 Mar,Wednesday,Pakistan Day,Public Holiday
pakistan,2016,24 Mar,Thursday,Holi,"National holiday, Hinduism"
pakistan,2016,25 Mar,Friday,Good Friday,Optional Holiday
pakistan,2016,27 Mar,Sunday,Easter Sunday,Observance
pakistan,2016,28 Mar,Monday,Easter Monday,Optional Holiday
pakistan,2016,13 Apr,Wednesday,Baisakhi,Optional Holiday
pakistan,2016,21 Apr,Thursday,Ridván,Optional Holiday
pakistan,2016,23 Apr,Saturday,Union Parishad polls,National holiday
pakistan,2016,1 May,Sunday,Labour Day,Public Holiday
pakistan,2016,5 May,Thursday,Shab e-Meraj,Optional Holiday
pakistan,2016,7 May,Saturday,Union Parishad polls,National holiday
pakistan,2016,16 May,Monday,Shab e-Barat,Optional Holiday
pakistan,2016,21 May,Saturday,Buddha Purnima,Optional Holiday
pakistan,2016,21 Jun,Tuesday,June Solstice,Season
pakistan,2016,1 Jul,Friday,July 1 Bank Holiday,Bank Holiday
pakistan,2016,5 Jul,Tuesday,Eid-ul-Fitr Holiday,Public Holiday
pakistan,2016,6 Jul,Wednesday,Eid-ul-Fitr,Public Holiday
pakistan,2016,7 Jul,Thursday,Eid-ul-Fitr Holiday,Public Holiday
pakistan,2016,8 Jul,Friday,Eid-ul-Fitr Holiday,Public Holiday
pakistan,2016,9 Jul,Saturday,Eid-ul-Fitr Holiday,Public Holiday
pakistan,2016,10 Jul,Sunday,Eid-ul-Fitr Holiday,Public Holiday
pakistan,2016,14 Aug,Sunday,Independence Day,Public Holiday
pakistan,2016,17 Aug,Wednesday,Nauroz,Optional Holiday
pakistan,2016,18 Aug,Thursday,Raksha Bandhan,Hindu Holiday
pakistan,2016,25 Aug,Thursday,Janmashtami,Optional Holiday
pakistan,2016,5 Sep,Monday,Ganesh Chaturthi,Hindu Holiday
pakistan,2016,6 Sep,Tuesday,Defence Day,Observance
pakistan,2016,12 Sep,Monday,Eid al-Adha,Public Holiday
pakistan,2016,13 Sep,Tuesday,Eid al-Adha Holiday,Public Holiday
pakistan,2016,14 Sep,Wednesday,Eid al-Adha Holiday,Public Holiday
pakistan,2016,22 Sep,Thursday,September Equinox,Season
pakistan,2016,1 Oct,Saturday,Durga Puja,Optional Holiday
pakistan,2016,2 Oct,Sunday,First Day of Navaratri,Hindu Holiday
pakistan,2016,11 Oct,Tuesday,Ashura,Public Holiday
pakistan,2016,11 Oct,Tuesday,Dussehra,Optional Holiday
pakistan,2016,12 Oct,Wednesday,Ashura Holiday,Public Holiday
pakistan,2016,15 Oct,Saturday,Birthday of Guru Balmik Sawami Ji,Optional Holiday
pakistan,2016,30 Oct,Sunday,Diwali/Deepavali,Optional Holiday
pakistan,2016,9 Nov,Wednesday,Iqbal Day,Observance
pakistan,2016,14 Nov,Monday,Guru Nanak's Birthday,Optional Holiday
pakistan,2016,21 Nov,Monday,Chelum,Optional Holiday
pakistan,2016,12 Dec,Monday,Eid Milad un-Nabi,Public Holiday
pakistan,2016,21 Dec,Wednesday,December Solstice,Season
pakistan,2016,24 Dec,Saturday,Christmas Eve,Observance
pakistan,2016,25 Dec,Sunday,Christmas Day,Public Holiday
pakistan,2016,25 Dec,Sunday,Quaid-e-Azam Day,Public Holiday
pakistan,2016,26 Dec,Monday,Day After Christmas (Christians only),Optional Holiday
pakistan,2016,31 Dec,Saturday,New Year's Eve,Observance
pakistan,2017,1 Jan,Sunday,New Year's Day,Optional Holiday
pakistan,2017,30 Jan,Monday,Giarhwin Sharief,Optional Holiday
pakistan,2017,1 Feb,Wednesday,Basant Panchami,Optional Holiday
pakistan,2017,5 Feb,Sunday,Kashmir Day,Public Holiday
pakistan,2017,24 Feb,Friday,Shivaratri,Optional Holiday
pakistan,2017,13 Mar,Monday,Holi,"National holiday, Hinduism"
pakistan,2017,20 Mar,Monday,March Equinox,Season
pakistan,2017,23 Mar,Thursday,Pakistan Day,Public Holiday
pakistan,2017,14 Apr,Friday,Good Friday,Optional Holiday
pakistan,2017,14 Apr,Friday,Baisakhi,Optional Holiday
pakistan,2017,16 Apr,Sunday,Easter Sunday,Observance
pakistan,2017,17 Apr,Monday,Easter Monday,Optional Holiday
pakistan,2017,21 Apr,Friday,Ridván,Optional Holiday
pakistan,2017,24 Apr,Monday,Shab e-Meraj,Optional Holiday
pakistan,2017,1 May,Monday,Labour Day,Public Holiday
pakistan,2017,5 May,Friday,Shab e-Barat,Optional Holiday
pakistan,2017,10 May,Wednesday,Buddha Purnima,Optional Holiday
pakistan,2017,21 Jun,Wednesday,June Solstice,Season
pakistan,2017,26 Jun,Monday,Eid-ul-Fitr,Public Holiday
pakistan,2017,27 Jun,Tuesday,Eid-ul-Fitr Holiday,Public Holiday
pakistan,2017,28 Jun,Wednesday,Eid-ul-Fitr Holiday,Public Holiday
pakistan,2017,29 Jun,Thursday,Eid-ul-Fitr Holiday,Public Holiday
pakistan,2017,1 Jul,Saturday,July 1 Bank Holiday,Bank Holiday
pakistan,2017,7 Aug,Monday,Raksha Bandhan,Hindu Holiday
pakistan,2017,14 Aug,Monday,Independence Day,Public Holiday
pakistan,2017,14 Aug,Monday,Janmashtami,Optional Holiday
pakistan,2017,17 Aug,Thursday,Nauroz,Optional Holiday
pakistan,2017,22 Aug,Tuesday,Birthday of Lord Zoroaster (Khordad Sal),Optional Holiday
pakistan,2017,25 Aug,Friday,Ganesh Chaturthi,Hindu Holiday
pakistan,2017,2 Sep,Saturday,Eid al-Adha,Public Holiday
pakistan,2017,3 Sep,Sunday,Eid al-Adha Holiday,Public Holiday
pakistan,2017,4 Sep,Monday,Eid al-Adha Holiday,Public Holiday
pakistan,2017,5 Sep,Tuesday,Eid al-Adha Holiday,Public Holiday
pakistan,2017,6 Sep,Wednesday,Defence Day,Observance
pakistan,2017,21 Sep,Thursday,First Day of Navaratri,Hindu Holiday
pakistan,2017,21 Sep,Thursday,Durga Puja,Optional Holiday
pakistan,2017,23 Sep,Saturday,September Equinox,Season
pakistan,2017,30 Sep,Saturday,Ashura,Public Holiday
pakistan,2017,30 Sep,Saturday,Dussehra,Optional Holiday
pakistan,2017,1 Oct,Sunday,Ashura Holiday,Public Holiday
pakistan,2017,5 Oct,Thursday,Birthday of Guru Balmik Sawami Ji,Optional Holiday
pakistan,2017,19 Oct,Thursday,Diwali/Deepavali,Optional Holiday
pakistan,2017,4 Nov,Saturday,Guru Nanak's Birthday,Optional Holiday
pakistan,2017,9 Nov,Thursday,Iqbal Day,Observance
pakistan,2017,10 Nov,Friday,Chelum,Optional Holiday
pakistan,2017,1 Dec,Friday,Eid Milad un-Nabi,Public Holiday
pakistan,2017,21 Dec,Thursday,December Solstice,Season
pakistan,2017,24 Dec,Sunday,Christmas Eve,Observance
pakistan,2017,25 Dec,Monday,Christmas Day,Public Holiday
pakistan,2017,25 Dec,Monday,Quaid-e-Azam Day,Public Holiday
pakistan,2017,26 Dec,Tuesday,Day After Christmas (Christians only),Optional Holiday
pakistan,2017,31 Dec,Sunday,New Year's Eve,Observance
pakistan,2018,1 Jan,Monday,New Year's Day,Optional Holiday
pakistan,2018,1 Jan,Monday,January 1 Bank Holiday,Bank Holiday
pakistan,2018,22 Jan,Monday,Basant Panchami,Optional Holiday
pakistan,2018,5 Feb,Monday,Kashmir Day,Public Holiday
pakistan,2018,13 Feb,Tuesday,Shivaratri,Optional Holiday
pakistan,2018,1 Mar,Thursday,Holi,Optional Holiday
pakistan,2018,2 Mar,Friday,Dulhandi,Optional Holiday
pakistan,2018,20 Mar,Tuesday,March Equinox,Season
pakistan,2018,23 Mar,Friday,Pakistan Day,Public Holiday
pakistan,2018,30 Mar,Friday,Good Friday,Optional Holiday
pakistan,2018,1 Apr,Sunday,Easter Sunday,Observance
pakistan,2018,2 Apr,Monday,Easter Monday,Optional Holiday
pakistan,2018,13 Apr,Friday,Shab e-Meraj,Optional Holiday
pakistan,2018,14 Apr,Saturday,Baisakhi,Optional Holiday
pakistan,2018,21 Apr,Saturday,Ridván,Optional Holiday
pakistan,2018,30 Apr,Monday,Buddha Purnima,Optional Holiday
pakistan,2018,1 May,Tuesday,Labour Day,Public Holiday
pakistan,2018,1 May,Tuesday,Shab e-Barat,Optional Holiday
pakistan,2018,16 Jun,Saturday,Eid-ul-Fitr,Public Holiday
pakistan,2018,17 Jun,Sunday,Eid-ul-Fitr Holiday,Public Holiday
pakistan,2018,18 Jun,Monday,Eid-ul-Fitr Holiday,Public Holiday
pakistan,2018,21 Jun,Thursday,June Solstice,Season
pakistan,2018,1 Jul,Sunday,July 1 Bank Holiday,Bank Holiday
pakistan,2018,2 Jul,Monday,July 1 Bank Holiday observed,Bank Holiday
pakistan,2018,14 Aug,Tuesday,Independence Day,Public Holiday
pakistan,2018,17 Aug,Friday,Nauroz,Optional Holiday
pakistan,2018,22 Aug,Wednesday,Eid al-Adha,Public Holiday
pakistan,2018,22 Aug,Wednesday,Birthday of Lord Zoroaster (Khordad Sal),Optional Holiday
pakistan,2018,23 Aug,Thursday,Eid al-Adha Holiday,Public Holiday
pakistan,2018,24 Aug,Friday,Eid al-Adha Holiday,Public Holiday
pakistan,2018,26 Aug,Sunday,Raksha Bandhan,Hindu Holiday
pakistan,2018,3 Sep,Monday,Janmashtami,Optional Holiday
pakistan,2018,6 Sep,Thursday,Defence Day,Observance
pakistan,2018,13 Sep,Thursday,Ganesh Chaturthi,Hindu Holiday
pakistan,2018,21 Sep,Friday,Ashura,Public Holiday
pakistan,2018,22 Sep,Saturday,Ashura Holiday,Public Holiday
pakistan,2018,23 Sep,Sunday,September Equinox,Season
pakistan,2018,10 Oct,Wednesday,First Day of Navaratri,Hindu Holiday
pakistan,2018,17 Oct,Wednesday,Durga Puja,Optional Holiday
pakistan,2018,19 Oct,Friday,Dussehra,Optional Holiday
pakistan,2018,24 Oct,Wednesday,Birthday of Guru Balmik Sawami Ji,Optional Holiday
pakistan,2018,30 Oct,Tuesday,Chelum,Optional Holiday
pakistan,2018,7 Nov,Wednesday,Diwali/Deepavali,Optional Holiday
pakistan,2018,9 Nov,Friday,Iqbal Day,Observance
pakistan,2018,21 Nov,Wednesday,Eid Milad un-Nabi,Public Holiday
pakistan,2018,23 Nov,Friday,Guru Nanak's Birthday,Optional Holiday
pakistan,2018,19 Dec,Wednesday,Giarhwin Sharief,Observance
pakistan,2018,22 Dec,Saturday,December Solstice,Season
pakistan,2018,24 Dec,Monday,Christmas Eve,Observance
pakistan,2018,25 Dec,Tuesday,Christmas Day,Public Holiday
pakistan,2018,25 Dec,Tuesday,Quaid-e-Azam Day,Public Holiday
pakistan,2018,26 Dec,Wednesday,Day After Christmas (Christians only),Optional Holiday
pakistan,2018,31 Dec,Monday,New Year's Eve,Observance
pakistan,2019,1 Jan,Tuesday,New Year's Day,Optional Holiday
pakistan,2019,1 Jan,Tuesday,January 1 Bank Holiday,Bank Holiday
pakistan,2019,5 Feb,Tuesday,Kashmir Day,Public Holiday
pakistan,2019,10 Feb,Sunday,Basant Panchami,Optional Holiday
pakistan,2019,4 Mar,Monday,Shivaratri,Optional Holiday
pakistan,2019,21 Mar,Thursday,Holi,Optional Holiday
pakistan,2019,21 Mar,Thursday,Dulhandi,Optional Holiday
pakistan,2019,21 Mar,Thursday,March Equinox,Season
pakistan,2019,23 Mar,Saturday,Pakistan Day,Public Holiday
pakistan,2019,3 Apr,Wednesday,Shab e-Meraj,Optional Holiday
pakistan,2019,14 Apr,Sunday,Baisakhi,Optional Holiday
pakistan,2019,19 Apr,Friday,Good Friday,Optional Holiday
pakistan,2019,20 Apr,Saturday,Shab e-Barat,Optional Holiday
pakistan,2019,21 Apr,Sunday,Easter Sunday,Optional Holiday
pakistan,2019,21 Apr,Sunday,Ridván,Optional Holiday
pakistan,2019,22 Apr,Monday,Easter Monday,Optional Holiday
pakistan,2019,1 May,Wednesday,Labour Day,Public Holiday
pakistan,2019,7 May,Tuesday,May 7 Bank Holiday,Bank Holiday
pakistan,2019,18 May,Saturday,Buddha Purnima,Optional Holiday
pakistan,2019,5 Jun,Wednesday,Eid-ul-Fitr,Public Holiday
pakistan,2019,6 Jun,Thursday,Eid-ul-Fitr Holiday,Public Holiday
pakistan,2019,7 Jun,Friday,Eid-ul-Fitr Holiday,Public Holiday
pakistan,2019,21 Jun,Friday,June Solstice,Season
pakistan,2019,1 Jul,Monday,July 1 Bank Holiday,Bank Holiday
pakistan,2019,12 Aug,Monday,Eid al-Adha,Public Holiday
pakistan,2019,13 Aug,Tuesday,Eid al-Adha Holiday,Public Holiday
pakistan,2019,14 Aug,Wednesday,Independence Day,Public Holiday
pakistan,2019,14 Aug,Wednesday,Eid al-Adha Holiday,Public Holiday
pakistan,2019,15 Aug,Thursday,Raksha Bandhan,Hindu Holiday
pakistan,2019,15 Aug,Thursday,Eid al-Adha Holiday,Public Holiday
pakistan,2019,17 Aug,Saturday,Working day,Working day (replacement)
pakistan,2019,17 Aug,Saturday,Nauroz,Optional Holiday
pakistan,2019,22 Aug,Thursday,Birthday of Lord Zoroaster (Khordad Sal),Optional Holiday
pakistan,2019,24 Aug,Saturday,Janmashtami,Optional Holiday
pakistan,2019,2 Sep,Monday,Ganesh Chaturthi,Hindu Holiday
pakistan,2019,6 Sep,Friday,Defence Day,Observance
pakistan,2019,9 Sep,Monday,Ashura,Public Holiday
pakistan,2019,10 Sep,Tuesday,Ashura Holiday,Public Holiday
pakistan,2019,23 Sep,Monday,September Equinox,Season
pakistan,2019,29 Sep,Sunday,First Day of Navaratri,Hindu Holiday
pakistan,2019,6 Oct,Sunday,Durga Puja,Optional Holiday
pakistan,2019,8 Oct,Tuesday,Dussehra,Optional Holiday
pakistan,2019,13 Oct,Sunday,Birthday of Guru Balmik Sawami Ji,Optional Holiday
pakistan,2019,20 Oct,Sunday,Chelum,Optional Holiday
pakistan,2019,27 Oct,Sunday,Diwali/Deepavali,Optional Holiday
pakistan,2019,9 Nov,Saturday,Iqbal Day,Observance
pakistan,2019,10 Nov,Sunday,Eid Milad un-Nabi,Public Holiday
pakistan,2019,12 Nov,Tuesday,Guru Nanak's Birthday,Optional Holiday
pakistan,2019,9 Dec,Monday,Giarhwin Sharief,Optional Holiday
pakistan,2019,22 Dec,Sunday,December Solstice,Season
pakistan,2019,24 Dec,Tuesday,Christmas Eve,Observance
pakistan,2019,25 Dec,Wednesday,Christmas Day,Public Holiday
pakistan,2019,25 Dec,Wednesday,Quaid-e-Azam Day,Public Holiday
pakistan,2019,26 Dec,Thursday,Day After Christmas (Christians only),Optional Holiday
pakistan,2019,31 Dec,Tuesday,New Year's Eve,Observance
pakistan,2020,1 Jan,Wednesday,New Year's Day,Optional Holiday
pakistan,2020,1 Jan,Wednesday,January 1 Bank Holiday,Bank Holiday
pakistan,2020,29 Jan,Wednesday,Basant Panchami,Optional Holiday
pakistan,2020,5 Feb,Wednesday,Kashmir Day,Public Holiday
pakistan,2020,21 Feb,Friday,Shivaratri,Optional Holiday
pakistan,2020,9 Mar,Monday,Holi,Optional Holiday
pakistan,2020,10 Mar,Tuesday,Dulhandi,Optional Holiday
pakistan,2020,20 Mar,Friday,March Equinox,Season
pakistan,2020,23 Mar,Monday,Pakistan Day,Public Holiday
pakistan,2020,23 Mar,Monday,Shab e-Meraj,Optional Holiday
pakistan,2020,9 Apr,Thursday,Shab e-Barat,Optional Holiday
pakistan,2020,10 Apr,Friday,Good Friday,Optional Holiday
pakistan,2020,12 Apr,Sunday,Easter Sunday,Optional Holiday
pakistan,2020,13 Apr,Monday,Easter Monday,Optional Holiday
pakistan,2020,13 Apr,Monday,Baisakhi,Optional Holiday
pakistan,2020,20 Apr,Monday,Ridván,Optional Holiday
pakistan,2020,25 Apr,Saturday,Ramadan Start,Bank Holiday
pakistan,2020,1 May,Friday,Labour Day,Public Holiday
pakistan,2020,7 May,Thursday,Buddha Purnima,Optional Holiday
pakistan,2020,22 May,Friday,Eid-ul-Fitr Holiday,Public Holiday
pakistan,2020,23 May,Saturday,Eid-ul-Fitr Holiday,Public Holiday
pakistan,2020,24 May,Sunday,Eid-ul-Fitr,Public Holiday
pakistan,2020,25 May,Monday,Eid-ul-Fitr Holiday,Public Holiday
pakistan,2020,26 May,Tuesday,Eid-ul-Fitr Holiday,Public Holiday
pakistan,2020,27 May,Wednesday,Eid-ul-Fitr Holiday,Public Holiday
pakistan,2020,21 Jun,Sunday,June Solstice,Season
pakistan,2020,1 Jul,Wednesday,July 1 Bank Holiday,Bank Holiday
pakistan,2020,31 Jul,Friday,Eid al-Adha,Public Holiday
pakistan,2020,1 Aug,Saturday,Eid al-Adha Holiday,Public Holiday
pakistan,2020,2 Aug,Sunday,Eid al-Adha Holiday,Public Holiday
pakistan,2020,3 Aug,Monday,Raksha Bandhan,Hindu Holiday
pakistan,2020,11 Aug,Tuesday,Janmashtami,Optional Holiday
pakistan,2020,14 Aug,Friday,Independence Day,Public Holiday
pakistan,2020,16 Aug,Sunday,Nauroz,Optional Holiday
pakistan,2020,21 Aug,Friday,Birthday of Lord Zoroaster (Khordad Sal),Optional Holiday
pakistan,2020,22 Aug,Saturday,Ganesh Chaturthi,Hindu Holiday
pakistan,2020,29 Aug,Saturday,Ashura,Public Holiday
pakistan,2020,30 Aug,Sunday,Ashura Holiday,Public Holiday
pakistan,2020,6 Sep,Sunday,Defence Day,Observance
pakistan,2020,22 Sep,Tuesday,September Equinox,Season
pakistan,2020,8 Oct,Thursday,Chelum,Optional Holiday
pakistan,2020,17 Oct,Saturday,First Day of Navaratri,Hindu Holiday
pakistan,2020,23 Oct,Friday,Durga Puja,Optional Holiday
pakistan,2020,25 Oct,Sunday,Dussehra,Optional Holiday
pakistan,2020,30 Oct,Friday,Eid Milad un-Nabi,Public Holiday
pakistan,2020,31 Oct,Saturday,Birthday of Guru Balmik Sawami Ji,Optional Holiday
pakistan,2020,9 Nov,Monday,Iqbal Day,Observance
pakistan,2020,14 Nov,Saturday,Diwali/Deepavali,Optional Holiday
pakistan,2020,28 Nov,Saturday,Giarhwin Sharief,Optional Holiday
pakistan,2020,30 Nov,Monday,Guru Nanak's Birthday,Optional Holiday
pakistan,2020,21 Dec,Monday,December Solstice,Season
pakistan,2020,24 Dec,Thursday,Christmas Eve,Observance
pakistan,2020,25 Dec,Friday,Christmas Day,Public Holiday
pakistan,2020,25 Dec,Friday,Quaid-e-Azam Day,Public Holiday
pakistan,2020,26 Dec,Saturday,Day After Christmas (Christians only),Optional Holiday
pakistan,2020,31 Dec,Thursday,New Year's Eve,Observance
pakistan,2021,1 Jan,Friday,New Year's Day,Optional Holiday
pakistan,2021,1 Jan,Friday,January 1 Bank Holiday,Bank Holiday
pakistan,2021,5 Feb,Friday,Kashmir Day,Public Holiday
pakistan,2021,16 Feb,Tuesday,Basant Panchami,Optional Holiday
pakistan,2021,11 Mar,Thursday,Shivaratri,Optional Holiday
pakistan,2021,12 Mar,Friday,Shab e-Meraj,Optional Holiday
pakistan,2021,20 Mar,Saturday,March Equinox,Season
pakistan,2021,23 Mar,Tuesday,Pakistan Day,Public Holiday
pakistan,2021,28 Mar,Sunday,Holi,Optional Holiday
pakistan,2021,29 Mar,Monday,Dulhandi,Optional Holiday
pakistan,2021,29 Mar,Monday,Shab e-Barat,Optional Holiday
pakistan,2021,2 Apr,Friday,Good Friday,Optional Holiday
pakistan,2021,4 Apr,Sunday,Easter Sunday,Optional Holiday
pakistan,2021,5 Apr,Monday,Easter Monday,Optional Holiday
pakistan,2021,14 Apr,Wednesday,Baisakhi,Optional Holiday
pakistan,2021,14 Apr,Wednesday,Ramadan Start,Bank Holiday
pakistan,2021,21 Apr,Wednesday,Ridván,Optional Holiday
pakistan,2021,1 May,Saturday,Labour Day,Public Holiday
pakistan,2021,10 May,Monday,Eid-ul-Fitr Holiday,Public Holiday
pakistan,2021,11 May,Tuesday,Eid-ul-Fitr Holiday,Public Holiday
pakistan,2021,12 May,Wednesday,Eid-ul-Fitr Holiday,Public Holiday
pakistan,2021,13 May,Thursday,Eid-ul-Fitr,Public Holiday
pakistan,2021,14 May,Friday,Eid-ul-Fitr Holiday,Public Holiday
pakistan,2021,15 May,Saturday,Eid-ul-Fitr Holiday,Public Holiday
pakistan,2021,26 May,Wednesday,Buddha Purnima,Optional Holiday
pakistan,2021,21 Jun,Monday,June Solstice,Season
pakistan,2021,1 Jul,Thursday,July 1 Bank Holiday,Bank Holiday
pakistan,2021,20 Jul,Tuesday,Eid al-Adha Holiday,Public Holiday
pakistan,2021,21 Jul,Wednesday,Eid al-Adha,Public Holiday
pakistan,2021,22 Jul,Thursday,Eid al-Adha Holiday,Public Holiday
pakistan,2021,23 Jul,Friday,Eid al-Adha Holiday,Public Holiday
pakistan,2021,14 Aug,Saturday,Independence Day,Public Holiday
pakistan,2021,16 Aug,Monday,Nauroz,Optional Holiday
pakistan,2021,18 Aug,Wednesday,Ashura,Public Holiday
pakistan,2021,19 Aug,Thursday,Ashura Holiday,Public Holiday
pakistan,2021,21 Aug,Saturday,Birthday of Lord Zoroaster (Khordad Sal),Optional Holiday
pakistan,2021,22 Aug,Sunday,Raksha Bandhan,Hindu Holiday
pakistan,2021,23 Aug,Monday,Janmashtami,Optional Holiday
pakistan,2021,6 Sep,Monday,Defence Day,Observance
pakistan,2021,10 Sep,Friday,Ganesh Chaturthi,Hindu Holiday
pakistan,2021,23 Sep,Thursday,September Equinox,Season
pakistan,2021,28 Sep,Tuesday,Chelum,Optional Holiday
pakistan,2021,7 Oct,Thursday,First Day of Navaratri,Hindu Holiday
pakistan,2021,13 Oct,Wednesday,Durga Puja,Optional Holiday
pakistan,2021,15 Oct,Friday,Dussehra,Optional Holiday
pakistan,2021,18 Oct,Monday,Giarhwin Sharief,Optional Holiday
pakistan,2021,19 Oct,Tuesday,Eid Milad un-Nabi,Public Holiday
pakistan,2021,20 Oct,Wednesday,Birthday of Guru Balmik Sawami Ji,Optional Holiday
pakistan,2021,4 Nov,Thursday,Diwali/Deepavali,Optional Holiday
pakistan,2021,9 Nov,Tuesday,Iqbal Day,Observance
pakistan,2021,21 Dec,Tuesday,December Solstice,Season
pakistan,2021,24 Dec,Friday,Christmas Eve,Observance
pakistan,2021,25 Dec,Saturday,Christmas Day,Public Holiday
pakistan,2021,25 Dec,Saturday,Quaid-e-Azam Day,Public Holiday
pakistan,2021,26 Dec,Sunday,Day After Christmas (Christians only),Optional Holiday
pakistan,2021,31 Dec,Friday,New Year's Eve,Observance
pakistan,2022,1 Jan,Saturday,New Year's Day,Optional Holiday
pakistan,2022,3 Jan,Monday,January 1 Bank Holiday,Bank Holiday
pakistan,2022,5 Feb,Saturday,Kashmir Day,Public Holiday
pakistan,2022,5 Feb,Saturday,Basant Panchami,Optional Holiday
pakistan,2022,1 Mar,Tuesday,Shivaratri,Optional Holiday
pakistan,2022,1 Mar,Tuesday,Shab e-Meraj,Optional Holiday
pakistan,2022,17 Mar,Thursday,Holi,Optional Holiday
pakistan,2022,18 Mar,Friday,Dulhandi,Optional Holiday
pakistan,2022,18 Mar,Friday,Shab e-Barat,Optional Holiday
pakistan,2022,20 Mar,Sunday,March Equinox,Season
pakistan,2022,23 Mar,Wednesday,Pakistan Day,Public Holiday
pakistan,2022,4 Apr,Monday,Ramadan Start,Bank Holiday
pakistan,2022,14 Apr,Thursday,Baisakhi,Optional Holiday
pakistan,2022,15 Apr,Friday,Good Friday,Optional Holiday
pakistan,2022,17 Apr,Sunday,Easter Sunday,Optional Holiday
pakistan,2022,18 Apr,Monday,Easter Monday,Optional Holiday
pakistan,2022,21 Apr,Thursday,Ridván,Optional Holiday
pakistan,2022,1 May,Sunday,Labour Day,Public Holiday
pakistan,2022,2 May,Monday,Eid-ul-Fitr Holiday,Public Holiday
pakistan,2022,3 May,Tuesday,Eid-ul-Fitr,Public Holiday
pakistan,2022,4 May,Wednesday,Eid-ul-Fitr Holiday,Public Holiday
pakistan,2022,5 May,Thursday,Eid-ul-Fitr Holiday,Public Holiday
pakistan,2022,16 May,Monday,Buddha Purnima,Optional Holiday
pakistan,2022,21 Jun,Tuesday,June Solstice,Season
pakistan,2022,1 Jul,Friday,July 1 Bank Holiday,Bank Holiday
pakistan,2022,8 Jul,Friday,Eid al-Adha Holiday,Public Holiday
pakistan,2022,9 Jul,Saturday,Eid al-Adha Holiday,Public Holiday
pakistan,2022,10 Jul,Sunday,Eid al-Adha,Public Holiday
pakistan,2022,11 Jul,Monday,Eid al-Adha Holiday,Public Holiday
pakistan,2022,12 Jul,Tuesday,Eid al-Adha Holiday,Public Holiday
pakistan,2022,8 Aug,Monday,Ashura Holiday,Public Holiday
pakistan,2022,9 Aug,Tuesday,Ashura,Public Holiday
pakistan,2022,11 Aug,Thursday,Raksha Bandhan,Hindu Holiday
pakistan,2022,14 Aug,Sunday,Independence Day,Public Holiday
pakistan,2022,16 Aug,Tuesday,Nauroz,Optional Holiday
pakistan,2022,19 Aug,Friday,Janmashtami,Optional Holiday
pakistan,2022,21 Aug,Sunday,Birthday of Lord Zoroaster (Khordad Sal),Optional Holiday
pakistan,2022,31 Aug,Wednesday,Ganesh Chaturthi,Hindu Holiday
pakistan,2022,6 Sep,Tuesday,Defence Day,Observance
pakistan,2022,17 Sep,Saturday,Chelum,Optional Holiday
pakistan,2022,23 Sep,Friday,September Equinox,Season
pakistan,2022,3 Oct,Monday,Durga Puja,Optional Holiday
pakistan,2022,5 Oct,Wednesday,Dussehra,Optional Holiday
pakistan,2022,9 Oct,Sunday,Eid Milad un-Nabi,Public Holiday
pakistan,2022,9 Oct,Sunday,Birthday of Guru Balmik Sawami Ji,Optional Holiday
pakistan,2022,24 Oct,Monday,Diwali/Deepavali,Optional Holiday
pakistan,2022,7 Nov,Monday,Giarhwin Sharief,Optional Holiday
pakistan,2022,8 Nov,Tuesday,Guru Nanak's Birthday,Optional Holiday
pakistan,2022,9 Nov,Wednesday,Iqbal Day,Public Holiday
pakistan,2022,22 Dec,Thursday,December Solstice,Season
pakistan,2022,24 Dec,Saturday,Christmas Eve,Observance
pakistan,2022,25 Dec,Sunday,Christmas Day,Public Holiday
pakistan,2022,25 Dec,Sunday,Quaid-e-Azam Day,Public Holiday
pakistan,2022,26 Dec,Monday,Day After Christmas (Christians only),Optional Holiday
pakistan,2022,31 Dec,Saturday,New Year's Eve,Observance
pakistan,2023,1 Jan,Sunday,New Year's Day,Optional Holiday
pakistan,2023,2 Jan,Monday,January 1 Bank Holiday,Bank Holiday
pakistan,2023,26 Jan,Thursday,Basant Panchami,Optional Holiday
pakistan,2023,5 Feb,Sunday,Kashmir Day,Public Holiday
pakistan,2023,18 Feb,Saturday,Shivaratri,Optional Holiday
pakistan,2023,19 Feb,Sunday,Shab e-Meraj,Optional Holiday
pakistan,2023,7 Mar,Tuesday,Holi,Optional Holiday
pakistan,2023,7 Mar,Tuesday,Dulhandi,Optional Holiday
pakistan,2023,8 Mar,Wednesday,Shab e-Barat,Optional Holiday
pakistan,2023,21 Mar,Tuesday,March Equinox,Season
pakistan,2023,22 Mar,Wednesday,Ramadan Start,Bank Holiday
pakistan,2023,23 Mar,Thursday,Pakistan Day,Public Holiday
pakistan,2023,23 Mar,Thursday,Ramadan Start,Observance
pakistan,2023,7 Apr,Friday,Good Friday,Optional Holiday
pakistan,2023,9 Apr,Sunday,Easter Sunday,Observance
pakistan,2023,10 Apr,Monday,Easter Monday,Optional Holiday
pakistan,2023,14 Apr,Friday,Baisakhi,Optional Holiday
pakistan,2023,21 Apr,Friday,Eid-ul-Fitr Holiday,Public Holiday
pakistan,2023,21 Apr,Friday,Ridván,Optional Holiday
pakistan,2023,22 Apr,Saturday,Eid-ul-Fitr,Public Holiday
pakistan,2023,23 Apr,Sunday,Eid-ul-Fitr Holiday,Public Holiday
pakistan,2023,24 Apr,Monday,Eid-ul-Fitr Holiday,Public Holiday
pakistan,2023,25 Apr,Tuesday,Eid-ul-Fitr Holiday,Public Holiday
pakistan,2023,1 May,Monday,Labour Day,Public Holiday
pakistan,2023,5 May,Friday,Buddha Purnima,Optional Holiday
pakistan,2023,21 Jun,Wednesday,June Solstice,Season
pakistan,2023,29 Jun,Thursday,Eid al-Adha,Public Holiday
pakistan,2023,30 Jun,Friday,Eid al-Adha Holiday,Public Holiday
pakistan,2023,1 Jul,Saturday,July 1 Bank Holiday,Bank Holiday
pakistan,2023,1 Jul,Saturday,Eid al-Adha Holiday,Public Holiday
pakistan,2023,28 Jul,Friday,Ashura Holiday,Public Holiday
pakistan,2023,29 Jul,Saturday,Ashura,Public Holiday
pakistan,2023,14 Aug,Monday,Independence Day,Public Holiday
pakistan,2023,16 Aug,Wednesday,Nauroz,Optional Holiday
pakistan,2023,21 Aug,Monday,Birthday of Lord Zoroaster (Khordad Sal),Optional Holiday
pakistan,2023,30 Aug,Wednesday,Raksha Bandhan,Hindu Holiday
pakistan,2023,6 Sep,Wednesday,Chelum,Optional Holiday
pakistan,2023,6 Sep,Wednesday,Defence Day,Observance
pakistan,2023,7 Sep,Thursday,Janmashtami,Optional Holiday
pakistan,2023,19 Sep,Tuesday,Ganesh Chaturthi,Hindu Holiday
pakistan,2023,23 Sep,Saturday,September Equinox,Season
pakistan,2023,26 Sep,Tuesday,Giarhwin Sharief,Optional Holiday
pakistan,2023,29 Sep,Friday,Eid Milad un-Nabi,Public Holiday
pakistan,2023,22 Oct,Sunday,Durga Puja,Optional Holiday
pakistan,2023,24 Oct,Tuesday,Dussehra,Optional Holiday
pakistan,2023,28 Oct,Saturday,Birthday of Guru Balmik Sawami Ji,Optional Holiday
pakistan,2023,9 Nov,Thursday,Iqbal Day,Public Holiday
pakistan,2023,12 Nov,Sunday,Diwali/Deepavali,Optional Holiday
pakistan,2023,17 Nov,Friday,Guru Nanak's Birthday,Optional Holiday
pakistan,2023,22 Dec,Friday,December Solstice,Season
pakistan,2023,24 Dec,Sunday,Christmas Eve,Observance
pakistan,2023,25 Dec,Monday,Christmas Day,Public Holiday
pakistan,2023,25 Dec,Monday,Quaid-e-Azam Day,Public Holiday
pakistan,2023,26 Dec,Tuesday,Day After Christmas (Christians only),Optional Holiday
pakistan,2023,31 Dec,Sunday,New Year's Eve,Observance
pakistan,2024,1 Jan,Monday,New Year's Day,Optional Holiday
pakistan,2024,1 Jan,Monday,January 1 Bank Holiday,Bank Holiday
pakistan,2024,5 Feb,Monday,Kashmir Day,Public Holiday
pakistan,2024,8 Feb,Thursday,Shab e-Meraj,Optional Holiday
pakistan,2024,8 Feb,Thursday,Election Day,National holiday
pakistan,2024,14 Feb,Wednesday,Basant Panchami,Optional Holiday
pakistan,2024,26 Feb,Monday,Shab e-Barat,Optional Holiday
pakistan,2024,8 Mar,Friday,Shivaratri,Optional Holiday
pakistan,2024,12 Mar,Tuesday,Ramadan Start,Bank Holiday
pakistan,2024,20 Mar,Wednesday,March Equinox,Season
pakistan,2024,23 Mar,Saturday,Pakistan Day,Public Holiday
pakistan,2024,23 Mar,Saturday,Buddha Purnima,Optional Holiday
pakistan,2024,24 Mar,Sunday,Holi,Optional Holiday
pakistan,2024,25 Mar,Monday,Dulhandi,Optional Holiday
pakistan,2024,29 Mar,Friday,Good Friday,Optional Holiday
pakistan,2024,31 Mar,Sunday,Easter Sunday,Optional Holiday
pakistan,2024,1 Apr,Monday,Easter Monday,Optional Holiday
pakistan,2024,10 Apr,Wednesday,Eid-ul-Fitr (Tentative Date),Public Holiday
pakistan,2024,11 Apr,Thursday,Eid-ul-Fitr Holiday (Tentative Date),Public Holiday
pakistan,2024,12 Apr,Friday,Eid-ul-Fitr Holiday (Tentative Date),Public Holiday
pakistan,2024,13 Apr,Saturday,Eid-ul-Fitr Holiday (Tentative Date),Public Holiday
pakistan,2024,13 Apr,Saturday,Baisakhi,Optional Holiday
pakistan,2024,21 Apr,Sunday,Ridván,Optional Holiday
pakistan,2024,1 May,Wednesday,Labour Day,Public Holiday
pakistan,2024,17 Jun,Monday,Eid al-Adha (Tentative Date),Public Holiday
pakistan,2024,18 Jun,Tuesday,Eid al-Adha Holiday (Tentative Date),Public Holiday
pakistan,2024,19 Jun,Wednesday,Eid al-Adha Holiday (Tentative Date),Public Holiday
pakistan,2024,21 Jun,Friday,June Solstice,Season
pakistan,2024,1 Jul,Monday,July 1 Bank Holiday,Bank Holiday
pakistan,2024,16 Jul,Tuesday,Ashura (Tentative Date),Public Holiday
pakistan,2024,17 Jul,Wednesday,Ashura Holiday (Tentative Date),Public Holiday
pakistan,2024,14 Aug,Wednesday,Independence Day,Public Holiday
pakistan,2024,15 Aug,Thursday,Nauroz,Optional Holiday
pakistan,2024,19 Aug,Monday,Raksha Bandhan,Hindu Holiday
pakistan,2024,20 Aug,Tuesday,Birthday of Lord Zoroaster (Khordad Sal),Optional Holiday
pakistan,2024,26 Aug,Monday,Janmashtami,Optional Holiday
pakistan,2024,27 Aug,Tuesday,Chelum,Optional Holiday
pakistan,2024,6 Sep,Friday,Defence Day,Observance
pakistan,2024,7 Sep,Saturday,Ganesh Chaturthi,Hindu Holiday
pakistan,2024,16 Sep,Monday,Eid Milad un-Nabi (Tentative Date),Public Holiday
pakistan,2024,22 Sep,Sunday,September Equinox,Season
pakistan,2024,11 Oct,Friday,Durga Puja,Optional Holiday
pakistan,2024,12 Oct,Saturday,Dussehra,Optional Holiday
pakistan,2024,16 Oct,Wednesday,Giarhwin Sharief (Tentative Date),Optional Holiday
pakistan,2024,17 Oct,Thursday,Birthday of Guru Balmik Sawami Ji,Optional Holiday
pakistan,2024,1 Nov,Friday,Diwali/Deepavali,Optional Holiday
pakistan,2024,9 Nov,Saturday,Iqbal Day,Public Holiday
pakistan,2024,15 Nov,Friday,Guru Nanak's Birthday,Optional Holiday
pakistan,2024,21 Dec,Saturday,December Solstice,Season
pakistan,2024,24 Dec,Tuesday,Christmas Eve,Observance
pakistan,2024,25 Dec,Wednesday,Christmas Day,Public Holiday
pakistan,2024,25 Dec,Wednesday,Quaid-e-Azam Day,Public Holiday
pakistan,2024,26 Dec,Thursday,Day After Christmas (Christians only),Optional Holiday
pakistan,2024,31 Dec,Tuesday,New Year's Eve,Observance
pakistan,2025,1 Jan,Wednesday,New Year's Day,Optional Holiday
pakistan,2025,27 Jan,Monday,Shab e-Meraj (Tentative Date),Optional Holiday
pakistan,2025,2 Feb,Sunday,Basant Panchami,Optional Holiday
pakistan,2025,5 Feb,Wednesday,Kashmir Day,Public Holiday
pakistan,2025,14 Feb,Friday,Shab e-Barat (Tentative Date),Optional Holiday
pakistan,2025,1 Mar,Saturday,Ramadan Start (Tentative Date),Observance
pakistan,2025,13 Mar,Thursday,Holi,Optional Holiday
pakistan,2025,20 Mar,Thursday,March Equinox,Season
pakistan,2025,23 Mar,Sunday,Pakistan Day,Public Holiday
pakistan,2025,31 Mar,Monday,Eid-ul-Fitr (Tentative Date),Public Holiday
pakistan,2025,1 Apr,Tuesday,Eid-ul-Fitr Holiday (Tentative Date),Public Holiday
pakistan,2025,2 Apr,Wednesday,Eid-ul-Fitr Holiday (Tentative Date),Public Holiday
pakistan,2025,3 Apr,Thursday,Eid-ul-Fitr Holiday (Tentative Date),Public Holiday
pakistan,2025,14 Apr,Monday,Baisakhi,Optional Holiday
pakistan,2025,18 Apr,Friday,Good Friday,Optional Holiday
pakistan,2025,20 Apr,Sunday,Easter Sunday,Observance
pakistan,2025,21 Apr,Monday,Easter Monday,Optional Holiday
pakistan,2025,21 Apr,Monday,Ridván,Optional Holiday
pakistan,2025,1 May,Thursday,Labour Day,Public Holiday
pakistan,2025,12 May,Monday,Buddha Purnima,Optional Holiday
pakistan,2025,7 Jun,Saturday,Eid al-Adha (Tentative Date),Public Holiday
pakistan,2025,8 Jun,Sunday,Eid al-Adha Holiday (Tentative Date),Public Holiday
pakistan,2025,9 Jun,Monday,Eid al-Adha Holiday (Tentative Date),Public Holiday
pakistan,2025,21 Jun,Saturday,June Solstice,Season
pakistan,2025,1 Jul,Tuesday,July 1 Bank Holiday,Bank Holiday
pakistan,2025,5 Jul,Saturday,Ashura (Tentative Date),Public Holiday
pakistan,2025,6 Jul,Sunday,Ashura Holiday (Tentative Date),Public Holiday
pakistan,2025,9 Aug,Saturday,Raksha Bandhan,Hindu Holiday
pakistan,2025,14 Aug,Thursday,Independence Day,Public Holiday
pakistan,2025,15 Aug,Friday,Chelum (Tentative Date),Optional Holiday
pakistan,2025,27 Aug,Wednesday,Ganesh Chaturthi,Hindu Holiday
pakistan,2025,4 Sep,Thursday,Giarhwin Sharief (Tentative Date),Optional Holiday
pakistan,2025,5 Sep,Friday,Eid Milad un-Nabi (Tentative Date),Public Holiday
pakistan,2025,6 Sep,Saturday,Defence Day,Observance
pakistan,2025,22 Sep,Monday,September Equinox,Season
pakistan,2025,30 Sep,Tuesday,Durga Puja,Optional Holiday
pakistan,2025,2 Oct,Thursday,Dussehra,Optional Holiday
pakistan,2025,7 Oct,Tuesday,Birthday of Guru Balmik Sawami Ji,Optional Holiday
pakistan,2025,20 Oct,Monday,Diwali/Deepavali,Optional Holiday
pakistan,2025,9 Nov,Sunday,Iqbal Day,Public Holiday
pakistan,2025,21 Dec,Sunday,December Solstice,Season
pakistan,2025,24 Dec,Wednesday,Christmas Eve,Observance
pakistan,2025,25 Dec,Thursday,Christmas Day,Public Holiday
pakistan,2025,25 Dec,Thursday,Quaid-e-Azam Day,Public Holiday
pakistan,2025,26 Dec,Friday,Day After Christmas (Christians only),Optional Holiday
pakistan,2025,31 Dec,Wednesday,New Year's Eve,Observance
