Geo,Event Year,Date,Day,Name,Type
solomon-islands,2000,1 Jan,Saturday,New Year's Day,Public Holiday
solomon-islands,2000,25 Feb,Friday,Choiseul Province Day,Local holiday
solomon-islands,2000,20 Mar,Monday,March Equinox,Season
solomon-islands,2000,21 Apr,Friday,Good Friday,Public Holiday
solomon-islands,2000,22 Apr,Saturday,Holy Saturday,Public Holiday
solomon-islands,2000,23 Apr,Sunday,Easter Sunday,Observance
solomon-islands,2000,24 Apr,Monday,Easter Monday,Public Holiday
solomon-islands,2000,2 Jun,Friday,Isabel Province Day,Local holiday
solomon-islands,2000,8 Jun,Thursday,Temotu Province Day,Local holiday
solomon-islands,2000,9 Jun,Friday,Day off for Queen's Official Birthday,Public Holiday
solomon-islands,2000,10 Jun,Saturday,Queen's Official Birthday,Observance
solomon-islands,2000,12 Jun,Monday,Whit Monday,Public Holiday
solomon-islands,2000,21 Jun,Wednesday,June Solstice,Season
solomon-islands,2000,29 Jun,Thursday,Central Province Day,Local holiday
solomon-islands,2000,7 Jul,Friday,Independence Day,Public Holiday
solomon-islands,2000,20 Jul,Thursday,Rennell and Bellona Province Day,Local holiday
solomon-islands,2000,1 Aug,Tuesday,Gualdalcanal Province Day,Local holiday
solomon-islands,2000,3 Aug,Thursday,Makira-Ulawa Province Day,Local holiday
solomon-islands,2000,15 Aug,Tuesday,Malaita Province Day,Local holiday
solomon-islands,2000,23 Sep,Saturday,September Equinox,Season
solomon-islands,2000,7 Dec,Thursday,Western Province Day,Local holiday
solomon-islands,2000,22 Dec,Friday,December Solstice,Season
solomon-islands,2000,25 Dec,Monday,Christmas Day,Public Holiday
solomon-islands,2000,26 Dec,Tuesday,National Day of Thanksgiving,Public Holiday
solomon-islands,2001,1 Jan,Monday,New Year's Day,Public Holiday
solomon-islands,2001,25 Feb,Sunday,Choiseul Province Day,Local holiday
solomon-islands,2001,26 Feb,Monday,Choiseul Province Day observed,Local holiday
solomon-islands,2001,21 Mar,Wednesday,March Equinox,Season
solomon-islands,2001,13 Apr,Friday,Good Friday,Public Holiday
solomon-islands,2001,14 Apr,Saturday,Holy Saturday,Public Holiday
solomon-islands,2001,15 Apr,Sunday,Easter Sunday,Observance
solomon-islands,2001,16 Apr,Monday,Easter Monday,Public Holiday
solomon-islands,2001,2 Jun,Saturday,Isabel Province Day,Local holiday
solomon-islands,2001,4 Jun,Monday,Whit Monday,Public Holiday
solomon-islands,2001,8 Jun,Friday,Day off for Queen's Official Birthday,Public Holiday
solomon-islands,2001,8 Jun,Friday,Temotu Province Day,Local holiday
solomon-islands,2001,9 Jun,Saturday,Queen's Official Birthday,Observance
solomon-islands,2001,21 Jun,Thursday,June Solstice,Season
solomon-islands,2001,29 Jun,Friday,Central Province Day,Local holiday
solomon-islands,2001,6 Jul,Friday,Day off for Independence Day,Public Holiday
solomon-islands,2001,7 Jul,Saturday,Independence Day,Public Holiday
solomon-islands,2001,20 Jul,Friday,Rennell and Bellona Province Day,Local holiday
solomon-islands,2001,1 Aug,Wednesday,Gualdalcanal Province Day,Local holiday
solomon-islands,2001,3 Aug,Friday,Makira-Ulawa Province Day,Local holiday
solomon-islands,2001,15 Aug,Wednesday,Malaita Province Day,Local holiday
solomon-islands,2001,23 Sep,Sunday,September Equinox,Season
solomon-islands,2001,7 Dec,Friday,Western Province Day,Local holiday
solomon-islands,2001,22 Dec,Saturday,December Solstice,Season
solomon-islands,2001,25 Dec,Tuesday,Christmas Day,Public Holiday
solomon-islands,2001,26 Dec,Wednesday,National Day of Thanksgiving,Public Holiday
solomon-islands,2002,1 Jan,Tuesday,New Year's Day,Public Holiday
solomon-islands,2002,25 Feb,Monday,Choiseul Province Day,Local holiday
solomon-islands,2002,21 Mar,Thursday,March Equinox,Season
solomon-islands,2002,29 Mar,Friday,Good Friday,Public Holiday
solomon-islands,2002,30 Mar,Saturday,Holy Saturday,Public Holiday
solomon-islands,2002,31 Mar,Sunday,Easter Sunday,Observance
solomon-islands,2002,1 Apr,Monday,Easter Monday,Public Holiday
solomon-islands,2002,20 May,Monday,Whit Monday,Public Holiday
solomon-islands,2002,2 Jun,Sunday,Isabel Province Day,Local holiday
solomon-islands,2002,3 Jun,Monday,Day off for Isabel Province Day,Local holiday
solomon-islands,2002,7 Jun,Friday,Day off for Queen's Official Birthday,Public Holiday
solomon-islands,2002,7 Jun,Friday,Day off for Temotu Province Day,Local holiday
solomon-islands,2002,8 Jun,Saturday,Queen's Official Birthday,Observance
solomon-islands,2002,8 Jun,Saturday,Temotu Province Day,Local holiday
solomon-islands,2002,22 Jun,Saturday,June Solstice,Season
solomon-islands,2002,28 Jun,Friday,Day off for Central Province Day,Local holiday
solomon-islands,2002,29 Jun,Saturday,Central Province Day,Local holiday
solomon-islands,2002,7 Jul,Sunday,Independence Day,Public Holiday
solomon-islands,2002,8 Jul,Monday,Day off for Independence Day,Public Holiday
solomon-islands,2002,19 Jul,Friday,Day off for Rennell and Bellona Province Day,Local holiday
solomon-islands,2002,20 Jul,Saturday,Rennell and Bellona Province Day,Local holiday
solomon-islands,2002,1 Aug,Thursday,Gualdalcanal Province Day,Local holiday
solomon-islands,2002,2 Aug,Friday,Day off for Makira-Ulawa Province Day,Local holiday
solomon-islands,2002,3 Aug,Saturday,Makira-Ulawa Province Day,Local holiday
solomon-islands,2002,15 Aug,Thursday,Malaita Province Day,Local holiday
solomon-islands,2002,23 Sep,Monday,September Equinox,Season
solomon-islands,2002,6 Dec,Friday,Day off for Western Province Day,Local holiday
solomon-islands,2002,7 Dec,Saturday,Western Province Day,Local holiday
solomon-islands,2002,22 Dec,Sunday,December Solstice,Season
solomon-islands,2002,25 Dec,Wednesday,Christmas Day,Public Holiday
solomon-islands,2002,26 Dec,Thursday,National Day of Thanksgiving,Public Holiday
solomon-islands,2003,1 Jan,Wednesday,New Year's Day,Public Holiday
solomon-islands,2003,25 Feb,Tuesday,Choiseul Province Day,Local holiday
solomon-islands,2003,21 Mar,Friday,March Equinox,Season
solomon-islands,2003,18 Apr,Friday,Good Friday,Public Holiday
solomon-islands,2003,19 Apr,Saturday,Holy Saturday,Public Holiday
solomon-islands,2003,20 Apr,Sunday,Easter Sunday,Observance
solomon-islands,2003,21 Apr,Monday,Easter Monday,Public Holiday
solomon-islands,2003,2 Jun,Monday,Isabel Province Day,Local holiday
solomon-islands,2003,8 Jun,Sunday,Temotu Province Day,Local holiday
solomon-islands,2003,9 Jun,Monday,Whit Monday,Public Holiday
solomon-islands,2003,9 Jun,Monday,Day off for Temotu Province Day,Local holiday
solomon-islands,2003,13 Jun,Friday,Day off for Queen's Official Birthday,Public Holiday
solomon-islands,2003,14 Jun,Saturday,Queen's Official Birthday,Observance
solomon-islands,2003,22 Jun,Sunday,June Solstice,Season
solomon-islands,2003,29 Jun,Sunday,Central Province Day,Local holiday
solomon-islands,2003,30 Jun,Monday,Day off for Central Province Day,Local holiday
solomon-islands,2003,7 Jul,Monday,Independence Day,Public Holiday
solomon-islands,2003,20 Jul,Sunday,Rennell and Bellona Province Day,Local holiday
solomon-islands,2003,21 Jul,Monday,Day off for Rennell and Bellona Province Day,Local holiday
solomon-islands,2003,1 Aug,Friday,Gualdalcanal Province Day,Local holiday
solomon-islands,2003,3 Aug,Sunday,Makira-Ulawa Province Day,Local holiday
solomon-islands,2003,4 Aug,Monday,Day off for Makira-Ulawa Province Day,Local holiday
solomon-islands,2003,15 Aug,Friday,Malaita Province Day,Local holiday
solomon-islands,2003,23 Sep,Tuesday,September Equinox,Season
solomon-islands,2003,7 Dec,Sunday,Western Province Day,Local holiday
solomon-islands,2003,8 Dec,Monday,Day off for Western Province Day,Local holiday
solomon-islands,2003,22 Dec,Monday,December Solstice,Season
solomon-islands,2003,25 Dec,Thursday,Christmas Day,Public Holiday
solomon-islands,2003,26 Dec,Friday,National Day of Thanksgiving,Public Holiday
solomon-islands,2004,1 Jan,Thursday,New Year's Day,Public Holiday
solomon-islands,2004,25 Feb,Wednesday,Choiseul Province Day,Local holiday
solomon-islands,2004,20 Mar,Saturday,March Equinox,Season
solomon-islands,2004,9 Apr,Friday,Good Friday,Public Holiday
solomon-islands,2004,10 Apr,Saturday,Holy Saturday,Public Holiday
solomon-islands,2004,11 Apr,Sunday,Easter Sunday,Observance
solomon-islands,2004,12 Apr,Monday,Easter Monday,Public Holiday
solomon-islands,2004,31 May,Monday,Whit Monday,Public Holiday
solomon-islands,2004,2 Jun,Wednesday,Isabel Province Day,Local holiday
solomon-islands,2004,8 Jun,Tuesday,Temotu Province Day,Local holiday
solomon-islands,2004,11 Jun,Friday,Day off for Queen's Official Birthday,Public Holiday
solomon-islands,2004,12 Jun,Saturday,Queen's Official Birthday,Observance
solomon-islands,2004,21 Jun,Monday,June Solstice,Season
solomon-islands,2004,29 Jun,Tuesday,Central Province Day,Local holiday
solomon-islands,2004,7 Jul,Wednesday,Independence Day,Public Holiday
solomon-islands,2004,20 Jul,Tuesday,Rennell and Bellona Province Day,Local holiday
solomon-islands,2004,1 Aug,Sunday,Gualdalcanal Province Day,Local holiday
solomon-islands,2004,2 Aug,Monday,Gualdalcanal Province Day observed,Local holiday
solomon-islands,2004,3 Aug,Tuesday,Makira-Ulawa Province Day,Local holiday
solomon-islands,2004,15 Aug,Sunday,Malaita Province Day,Local holiday
solomon-islands,2004,16 Aug,Monday,Malaita Province Day observed,Local holiday
solomon-islands,2004,23 Sep,Thursday,September Equinox,Season
solomon-islands,2004,7 Dec,Tuesday,Western Province Day,Local holiday
solomon-islands,2004,21 Dec,Tuesday,December Solstice,Season
solomon-islands,2004,25 Dec,Saturday,Christmas Day,Public Holiday
solomon-islands,2004,26 Dec,Sunday,National Day of Thanksgiving,Public Holiday
solomon-islands,2005,1 Jan,Saturday,New Year's Day,Public Holiday
solomon-islands,2005,25 Feb,Friday,Choiseul Province Day,Local holiday
solomon-islands,2005,20 Mar,Sunday,March Equinox,Season
solomon-islands,2005,25 Mar,Friday,Good Friday,Public Holiday
solomon-islands,2005,26 Mar,Saturday,Holy Saturday,Public Holiday
solomon-islands,2005,27 Mar,Sunday,Easter Sunday,Observance
solomon-islands,2005,28 Mar,Monday,Easter Monday,Public Holiday
solomon-islands,2005,16 May,Monday,Whit Monday,Public Holiday
solomon-islands,2005,2 Jun,Thursday,Isabel Province Day,Local holiday
solomon-islands,2005,8 Jun,Wednesday,Temotu Province Day,Local holiday
solomon-islands,2005,10 Jun,Friday,Day off for Queen's Official Birthday,Public Holiday
solomon-islands,2005,11 Jun,Saturday,Queen's Official Birthday,Observance
solomon-islands,2005,21 Jun,Tuesday,June Solstice,Season
solomon-islands,2005,29 Jun,Wednesday,Central Province Day,Local holiday
solomon-islands,2005,7 Jul,Thursday,Independence Day,Public Holiday
solomon-islands,2005,20 Jul,Wednesday,Rennell and Bellona Province Day,Local holiday
solomon-islands,2005,1 Aug,Monday,Gualdalcanal Province Day,Local holiday
solomon-islands,2005,3 Aug,Wednesday,Makira-Ulawa Province Day,Local holiday
solomon-islands,2005,15 Aug,Monday,Malaita Province Day,Local holiday
solomon-islands,2005,23 Sep,Friday,September Equinox,Season
solomon-islands,2005,7 Dec,Wednesday,Western Province Day,Local holiday
solomon-islands,2005,22 Dec,Thursday,December Solstice,Season
solomon-islands,2005,25 Dec,Sunday,Christmas Day,Public Holiday
solomon-islands,2005,26 Dec,Monday,National Day of Thanksgiving,Public Holiday
solomon-islands,2005,27 Dec,Tuesday,Day off for National Day of Thanksgiving,Public Holiday
solomon-islands,2006,1 Jan,Sunday,New Year's Day,Public Holiday
solomon-islands,2006,2 Jan,Monday,Day off for New Year's Day,Public Holiday
solomon-islands,2006,24 Feb,Friday,Choiseul Province Day observed,Local holiday
solomon-islands,2006,25 Feb,Saturday,Choiseul Province Day,Local holiday
solomon-islands,2006,21 Mar,Tuesday,March Equinox,Season
solomon-islands,2006,14 Apr,Friday,Good Friday,Public Holiday
solomon-islands,2006,15 Apr,Saturday,Holy Saturday,Public Holiday
solomon-islands,2006,16 Apr,Sunday,Easter Sunday,Observance
solomon-islands,2006,17 Apr,Monday,Easter Monday,Public Holiday
solomon-islands,2006,2 Jun,Friday,Isabel Province Day,Local holiday
solomon-islands,2006,5 Jun,Monday,Whit Monday,Public Holiday
solomon-islands,2006,8 Jun,Thursday,Temotu Province Day,Local holiday
solomon-islands,2006,9 Jun,Friday,Day off for Queen's Official Birthday,Public Holiday
solomon-islands,2006,10 Jun,Saturday,Queen's Official Birthday,Observance
solomon-islands,2006,21 Jun,Wednesday,June Solstice,Season
solomon-islands,2006,29 Jun,Thursday,Central Province Day,Local holiday
solomon-islands,2006,7 Jul,Friday,Independence Day,Public Holiday
solomon-islands,2006,20 Jul,Thursday,Rennell and Bellona Province Day,Local holiday
solomon-islands,2006,1 Aug,Tuesday,Gualdalcanal Province Day,Local holiday
solomon-islands,2006,3 Aug,Thursday,Makira-Ulawa Province Day,Local holiday
solomon-islands,2006,15 Aug,Tuesday,Malaita Province Day,Local holiday
solomon-islands,2006,23 Sep,Saturday,September Equinox,Season
solomon-islands,2006,7 Dec,Thursday,Western Province Day,Local holiday
solomon-islands,2006,22 Dec,Friday,December Solstice,Season
solomon-islands,2006,25 Dec,Monday,Christmas Day,Public Holiday
solomon-islands,2006,26 Dec,Tuesday,National Day of Thanksgiving,Public Holiday
solomon-islands,2007,1 Jan,Monday,New Year's Day,Public Holiday
solomon-islands,2007,25 Feb,Sunday,Choiseul Province Day,Local holiday
solomon-islands,2007,26 Feb,Monday,Choiseul Province Day observed,Local holiday
solomon-islands,2007,21 Mar,Wednesday,March Equinox,Season
solomon-islands,2007,6 Apr,Friday,Good Friday,Public Holiday
solomon-islands,2007,7 Apr,Saturday,Holy Saturday,Public Holiday
solomon-islands,2007,8 Apr,Sunday,Easter Sunday,Observance
solomon-islands,2007,9 Apr,Monday,Easter Monday,Public Holiday
solomon-islands,2007,28 May,Monday,Whit Monday,Public Holiday
solomon-islands,2007,2 Jun,Saturday,Isabel Province Day,Local holiday
solomon-islands,2007,8 Jun,Friday,Day off for Queen's Official Birthday,Public Holiday
solomon-islands,2007,8 Jun,Friday,Temotu Province Day,Local holiday
solomon-islands,2007,9 Jun,Saturday,Queen's Official Birthday,Observance
solomon-islands,2007,22 Jun,Friday,June Solstice,Season
solomon-islands,2007,29 Jun,Friday,Central Province Day,Local holiday
solomon-islands,2007,6 Jul,Friday,Day off for Independence Day,Public Holiday
solomon-islands,2007,7 Jul,Saturday,Independence Day,Public Holiday
solomon-islands,2007,20 Jul,Friday,Rennell and Bellona Province Day,Local holiday
solomon-islands,2007,1 Aug,Wednesday,Gualdalcanal Province Day,Local holiday
solomon-islands,2007,3 Aug,Friday,Makira-Ulawa Province Day,Local holiday
solomon-islands,2007,15 Aug,Wednesday,Malaita Province Day,Local holiday
solomon-islands,2007,23 Sep,Sunday,September Equinox,Season
solomon-islands,2007,7 Dec,Friday,Western Province Day,Local holiday
solomon-islands,2007,22 Dec,Saturday,December Solstice,Season
solomon-islands,2007,25 Dec,Tuesday,Christmas Day,Public Holiday
solomon-islands,2007,26 Dec,Wednesday,National Day of Thanksgiving,Public Holiday
solomon-islands,2008,1 Jan,Tuesday,New Year's Day,Public Holiday
solomon-islands,2008,25 Feb,Monday,Choiseul Province Day,Local holiday
solomon-islands,2008,20 Mar,Thursday,March Equinox,Season
solomon-islands,2008,21 Mar,Friday,Good Friday,Public Holiday
solomon-islands,2008,22 Mar,Saturday,Holy Saturday,Public Holiday
solomon-islands,2008,23 Mar,Sunday,Easter Sunday,Observance
solomon-islands,2008,24 Mar,Monday,Easter Monday,Public Holiday
solomon-islands,2008,12 May,Monday,Whit Monday,Public Holiday
solomon-islands,2008,2 Jun,Monday,Isabel Province Day,Local holiday
solomon-islands,2008,8 Jun,Sunday,Temotu Province Day,Local holiday
solomon-islands,2008,9 Jun,Monday,Day off for Temotu Province Day,Local holiday
solomon-islands,2008,13 Jun,Friday,Day off for Queen's Official Birthday,Public Holiday
solomon-islands,2008,14 Jun,Saturday,Queen's Official Birthday,Observance
solomon-islands,2008,21 Jun,Saturday,June Solstice,Season
solomon-islands,2008,29 Jun,Sunday,Central Province Day,Local holiday
solomon-islands,2008,30 Jun,Monday,Day off for Central Province Day,Local holiday
solomon-islands,2008,7 Jul,Monday,Independence Day,Public Holiday
solomon-islands,2008,20 Jul,Sunday,Rennell and Bellona Province Day,Local holiday
solomon-islands,2008,21 Jul,Monday,Day off for Rennell and Bellona Province Day,Local holiday
solomon-islands,2008,1 Aug,Friday,Gualdalcanal Province Day,Local holiday
solomon-islands,2008,3 Aug,Sunday,Makira-Ulawa Province Day,Local holiday
solomon-islands,2008,4 Aug,Monday,Day off for Makira-Ulawa Province Day,Local holiday
solomon-islands,2008,15 Aug,Friday,Malaita Province Day,Local holiday
solomon-islands,2008,23 Sep,Tuesday,September Equinox,Season
solomon-islands,2008,7 Dec,Sunday,Western Province Day,Local holiday
solomon-islands,2008,8 Dec,Monday,Day off for Western Province Day,Local holiday
solomon-islands,2008,21 Dec,Sunday,December Solstice,Season
solomon-islands,2008,25 Dec,Thursday,Christmas Day,Public Holiday
solomon-islands,2008,26 Dec,Friday,National Day of Thanksgiving,Public Holiday
solomon-islands,2009,1 Jan,Thursday,New Year's Day,Public Holiday
solomon-islands,2009,25 Feb,Wednesday,Choiseul Province Day,Local holiday
solomon-islands,2009,20 Mar,Friday,March Equinox,Season
solomon-islands,2009,10 Apr,Friday,Good Friday,Public Holiday
solomon-islands,2009,11 Apr,Saturday,Holy Saturday,Public Holiday
solomon-islands,2009,12 Apr,Sunday,Easter Sunday,Observance
solomon-islands,2009,13 Apr,Monday,Easter Monday,Public Holiday
solomon-islands,2009,1 Jun,Monday,Whit Monday,Public Holiday
solomon-islands,2009,2 Jun,Tuesday,Isabel Province Day,Local holiday
solomon-islands,2009,8 Jun,Monday,Temotu Province Day,Local holiday
solomon-islands,2009,12 Jun,Friday,Day off for Queen's Official Birthday,Public Holiday
solomon-islands,2009,13 Jun,Saturday,Queen's Official Birthday,Observance
solomon-islands,2009,21 Jun,Sunday,June Solstice,Season
solomon-islands,2009,29 Jun,Monday,Central Province Day,Local holiday
solomon-islands,2009,7 Jul,Tuesday,Independence Day,Public Holiday
solomon-islands,2009,20 Jul,Monday,Rennell and Bellona Province Day,Local holiday
solomon-islands,2009,1 Aug,Saturday,Gualdalcanal Province Day,Local holiday
solomon-islands,2009,3 Aug,Monday,Makira-Ulawa Province Day,Local holiday
solomon-islands,2009,15 Aug,Saturday,Malaita Province Day,Local holiday
solomon-islands,2009,23 Sep,Wednesday,September Equinox,Season
solomon-islands,2009,7 Dec,Monday,Western Province Day,Local holiday
solomon-islands,2009,22 Dec,Tuesday,December Solstice,Season
solomon-islands,2009,25 Dec,Friday,Christmas Day,Public Holiday
solomon-islands,2009,26 Dec,Saturday,National Day of Thanksgiving,Public Holiday
solomon-islands,2010,1 Jan,Friday,New Year's Day,Public Holiday
solomon-islands,2010,25 Feb,Thursday,Choiseul Province Day,Local holiday
solomon-islands,2010,21 Mar,Sunday,March Equinox,Season
solomon-islands,2010,2 Apr,Friday,Good Friday,Public Holiday
solomon-islands,2010,3 Apr,Saturday,Holy Saturday,Public Holiday
solomon-islands,2010,4 Apr,Sunday,Easter Sunday,Observance
solomon-islands,2010,5 Apr,Monday,Easter Monday,Public Holiday
solomon-islands,2010,24 May,Monday,Whit Monday,Public Holiday
solomon-islands,2010,2 Jun,Wednesday,Isabel Province Day,Local holiday
solomon-islands,2010,8 Jun,Tuesday,Temotu Province Day,Local holiday
solomon-islands,2010,11 Jun,Friday,Day off for Queen's Official Birthday,Public Holiday
solomon-islands,2010,12 Jun,Saturday,Queen's Official Birthday,Observance
solomon-islands,2010,21 Jun,Monday,June Solstice,Season
solomon-islands,2010,29 Jun,Tuesday,Central Province Day,Local holiday
solomon-islands,2010,7 Jul,Wednesday,Independence Day,Public Holiday
solomon-islands,2010,20 Jul,Tuesday,Rennell and Bellona Province Day,Local holiday
solomon-islands,2010,1 Aug,Sunday,Gualdalcanal Province Day,Local holiday
solomon-islands,2010,2 Aug,Monday,Gualdalcanal Province Day observed,Local holiday
solomon-islands,2010,3 Aug,Tuesday,Makira-Ulawa Province Day,Local holiday
solomon-islands,2010,15 Aug,Sunday,Malaita Province Day,Local holiday
solomon-islands,2010,16 Aug,Monday,Malaita Province Day observed,Local holiday
solomon-islands,2010,23 Sep,Thursday,September Equinox,Season
solomon-islands,2010,7 Dec,Tuesday,Western Province Day,Local holiday
solomon-islands,2010,22 Dec,Wednesday,December Solstice,Season
solomon-islands,2010,25 Dec,Saturday,Christmas Day,Public Holiday
solomon-islands,2010,26 Dec,Sunday,National Day of Thanksgiving,Public Holiday
solomon-islands,2011,1 Jan,Saturday,New Year's Day,Public Holiday
solomon-islands,2011,25 Feb,Friday,Choiseul Province Day,Local holiday
solomon-islands,2011,21 Mar,Monday,March Equinox,Season
solomon-islands,2011,22 Apr,Friday,Good Friday,Public Holiday
solomon-islands,2011,23 Apr,Saturday,Holy Saturday,Public Holiday
solomon-islands,2011,24 Apr,Sunday,Easter Sunday,Observance
solomon-islands,2011,25 Apr,Monday,Easter Monday,Public Holiday
solomon-islands,2011,2 Jun,Thursday,Isabel Province Day,Local holiday
solomon-islands,2011,8 Jun,Wednesday,Temotu Province Day,Local holiday
solomon-islands,2011,10 Jun,Friday,Day off for Queen's Official Birthday,Public Holiday
solomon-islands,2011,11 Jun,Saturday,Queen's Official Birthday,Observance
solomon-islands,2011,13 Jun,Monday,Whit Monday,Public Holiday
solomon-islands,2011,22 Jun,Wednesday,June Solstice,Season
solomon-islands,2011,29 Jun,Wednesday,Central Province Day,Local holiday
solomon-islands,2011,7 Jul,Thursday,Independence Day,Public Holiday
solomon-islands,2011,20 Jul,Wednesday,Rennell and Bellona Province Day,Local holiday
solomon-islands,2011,1 Aug,Monday,Gualdalcanal Province Day,Local holiday
solomon-islands,2011,3 Aug,Wednesday,Makira-Ulawa Province Day,Local holiday
solomon-islands,2011,15 Aug,Monday,Malaita Province Day,Local holiday
solomon-islands,2011,23 Sep,Friday,September Equinox,Season
solomon-islands,2011,7 Dec,Wednesday,Western Province Day,Local holiday
solomon-islands,2011,22 Dec,Thursday,December Solstice,Season
solomon-islands,2011,25 Dec,Sunday,Christmas Day,Public Holiday
solomon-islands,2011,26 Dec,Monday,National Day of Thanksgiving,Public Holiday
solomon-islands,2011,27 Dec,Tuesday,Day off for National Day of Thanksgiving,Public Holiday
solomon-islands,2012,1 Jan,Sunday,New Year's Day,Public Holiday
solomon-islands,2012,2 Jan,Monday,Day off for New Year's Day,Public Holiday
solomon-islands,2012,24 Feb,Friday,Choiseul Province Day observed,Local holiday
solomon-islands,2012,25 Feb,Saturday,Choiseul Province Day,Local holiday
solomon-islands,2012,20 Mar,Tuesday,March Equinox,Season
solomon-islands,2012,6 Apr,Friday,Good Friday,Public Holiday
solomon-islands,2012,7 Apr,Saturday,Holy Saturday,Public Holiday
solomon-islands,2012,8 Apr,Sunday,Easter Sunday,Observance
solomon-islands,2012,9 Apr,Monday,Easter Monday,Public Holiday
solomon-islands,2012,28 May,Monday,Whit Monday,Public Holiday
solomon-islands,2012,2 Jun,Saturday,Isabel Province Day,Local holiday
solomon-islands,2012,8 Jun,Friday,Day off for Queen's Official Birthday,Public Holiday
solomon-islands,2012,8 Jun,Friday,Temotu Province Day,Local holiday
solomon-islands,2012,9 Jun,Saturday,Queen's Official Birthday,Observance
solomon-islands,2012,21 Jun,Thursday,June Solstice,Season
solomon-islands,2012,29 Jun,Friday,Central Province Day,Local holiday
solomon-islands,2012,6 Jul,Friday,Day off for Independence Day,Public Holiday
solomon-islands,2012,7 Jul,Saturday,Independence Day,Public Holiday
solomon-islands,2012,20 Jul,Friday,Rennell and Bellona Province Day,Local holiday
solomon-islands,2012,1 Aug,Wednesday,Gualdalcanal Province Day,Local holiday
solomon-islands,2012,3 Aug,Friday,Makira-Ulawa Province Day,Local holiday
solomon-islands,2012,15 Aug,Wednesday,Malaita Province Day,Local holiday
solomon-islands,2012,23 Sep,Sunday,September Equinox,Season
solomon-islands,2012,7 Dec,Friday,Western Province Day,Local holiday
solomon-islands,2012,21 Dec,Friday,December Solstice,Season
solomon-islands,2012,25 Dec,Tuesday,Christmas Day,Public Holiday
solomon-islands,2012,26 Dec,Wednesday,National Day of Thanksgiving,Public Holiday
solomon-islands,2013,1 Jan,Tuesday,New Year's Day,Public Holiday
solomon-islands,2013,25 Feb,Monday,Choiseul Province Day,Local holiday
solomon-islands,2013,20 Mar,Wednesday,March Equinox,Season
solomon-islands,2013,29 Mar,Friday,Good Friday,Public Holiday
solomon-islands,2013,30 Mar,Saturday,Holy Saturday,Public Holiday
solomon-islands,2013,31 Mar,Sunday,Easter Sunday,Observance
solomon-islands,2013,1 Apr,Monday,Easter Monday,Public Holiday
solomon-islands,2013,20 May,Monday,Whit Monday,Public Holiday
solomon-islands,2013,2 Jun,Sunday,Isabel Province Day,Local holiday
solomon-islands,2013,3 Jun,Monday,Day off for Isabel Province Day,Local holiday
solomon-islands,2013,7 Jun,Friday,Day off for Queen's Official Birthday,Public Holiday
solomon-islands,2013,7 Jun,Friday,Day off for Temotu Province Day,Local holiday
solomon-islands,2013,8 Jun,Saturday,Queen's Official Birthday,Observance
solomon-islands,2013,8 Jun,Saturday,Temotu Province Day,Local holiday
solomon-islands,2013,21 Jun,Friday,June Solstice,Season
solomon-islands,2013,28 Jun,Friday,Day off for Central Province Day,Local holiday
solomon-islands,2013,29 Jun,Saturday,Central Province Day,Local holiday
solomon-islands,2013,7 Jul,Sunday,Independence Day,Public Holiday
solomon-islands,2013,8 Jul,Monday,Day off for Independence Day,Public Holiday
solomon-islands,2013,19 Jul,Friday,Day off for Rennell and Bellona Province Day,Local holiday
solomon-islands,2013,20 Jul,Saturday,Rennell and Bellona Province Day,Local holiday
solomon-islands,2013,1 Aug,Thursday,Gualdalcanal Province Day,Local holiday
solomon-islands,2013,2 Aug,Friday,Day off for Makira-Ulawa Province Day,Local holiday
solomon-islands,2013,3 Aug,Saturday,Makira-Ulawa Province Day,Local holiday
solomon-islands,2013,15 Aug,Thursday,Malaita Province Day,Local holiday
solomon-islands,2013,23 Sep,Monday,September Equinox,Season
solomon-islands,2013,6 Dec,Friday,Day off for Western Province Day,Local holiday
solomon-islands,2013,7 Dec,Saturday,Western Province Day,Local holiday
solomon-islands,2013,22 Dec,Sunday,December Solstice,Season
solomon-islands,2013,25 Dec,Wednesday,Christmas Day,Public Holiday
solomon-islands,2013,26 Dec,Thursday,National Day of Thanksgiving,Public Holiday
solomon-islands,2014,1 Jan,Wednesday,New Year's Day,Public Holiday
solomon-islands,2014,25 Feb,Tuesday,Choiseul Province Day,Local holiday
solomon-islands,2014,21 Mar,Friday,March Equinox,Season
solomon-islands,2014,18 Apr,Friday,Good Friday,Public Holiday
solomon-islands,2014,19 Apr,Saturday,Holy Saturday,Public Holiday
solomon-islands,2014,20 Apr,Sunday,Easter Sunday,Observance
solomon-islands,2014,21 Apr,Monday,Easter Monday,Public Holiday
solomon-islands,2014,2 Jun,Monday,Isabel Province Day,Local holiday
solomon-islands,2014,8 Jun,Sunday,Temotu Province Day,Local holiday
solomon-islands,2014,9 Jun,Monday,Whit Monday,Public Holiday
solomon-islands,2014,9 Jun,Monday,Day off for Temotu Province Day,Local holiday
solomon-islands,2014,13 Jun,Friday,Day off for Queen's Official Birthday,Public Holiday
solomon-islands,2014,14 Jun,Saturday,Queen's Official Birthday,Observance
solomon-islands,2014,21 Jun,Saturday,June Solstice,Season
solomon-islands,2014,29 Jun,Sunday,Central Province Day,Local holiday
solomon-islands,2014,30 Jun,Monday,Day off for Central Province Day,Local holiday
solomon-islands,2014,7 Jul,Monday,Independence Day,Public Holiday
solomon-islands,2014,20 Jul,Sunday,Rennell and Bellona Province Day,Local holiday
solomon-islands,2014,21 Jul,Monday,Day off for Rennell and Bellona Province Day,Local holiday
solomon-islands,2014,1 Aug,Friday,Gualdalcanal Province Day,Local holiday
solomon-islands,2014,3 Aug,Sunday,Makira-Ulawa Province Day,Local holiday
solomon-islands,2014,4 Aug,Monday,Day off for Makira-Ulawa Province Day,Local holiday
solomon-islands,2014,15 Aug,Friday,Malaita Province Day,Local holiday
solomon-islands,2014,23 Sep,Tuesday,September Equinox,Season
solomon-islands,2014,7 Dec,Sunday,Western Province Day,Local holiday
solomon-islands,2014,8 Dec,Monday,Day off for Western Province Day,Local holiday
solomon-islands,2014,22 Dec,Monday,December Solstice,Season
solomon-islands,2014,25 Dec,Thursday,Christmas Day,Public Holiday
solomon-islands,2014,26 Dec,Friday,National Day of Thanksgiving,Public Holiday
solomon-islands,2015,1 Jan,Thursday,New Year's Day,Public Holiday
solomon-islands,2015,25 Feb,Wednesday,Choiseul Province Day,Local holiday
solomon-islands,2015,21 Mar,Saturday,March Equinox,Season
solomon-islands,2015,3 Apr,Friday,Good Friday,Public Holiday
solomon-islands,2015,4 Apr,Saturday,Holy Saturday,Public Holiday
solomon-islands,2015,5 Apr,Sunday,Easter Sunday,Observance
solomon-islands,2015,6 Apr,Monday,Easter Monday,Public Holiday
solomon-islands,2015,25 May,Monday,Whit Monday,Public Holiday
solomon-islands,2015,2 Jun,Tuesday,Isabel Province Day,Local holiday
solomon-islands,2015,8 Jun,Monday,Temotu Province Day,Local holiday
solomon-islands,2015,12 Jun,Friday,Day off for Queen's Official Birthday,Public Holiday
solomon-islands,2015,13 Jun,Saturday,Queen's Official Birthday,Observance
solomon-islands,2015,22 Jun,Monday,June Solstice,Season
solomon-islands,2015,29 Jun,Monday,Central Province Day,Local holiday
solomon-islands,2015,7 Jul,Tuesday,Independence Day,Public Holiday
solomon-islands,2015,20 Jul,Monday,Rennell and Bellona Province Day,Local holiday
solomon-islands,2015,1 Aug,Saturday,Gualdalcanal Province Day,Local holiday
solomon-islands,2015,3 Aug,Monday,Makira-Ulawa Province Day,Local holiday
solomon-islands,2015,15 Aug,Saturday,Malaita Province Day,Local holiday
solomon-islands,2015,23 Sep,Wednesday,September Equinox,Season
solomon-islands,2015,7 Dec,Monday,Western Province Day,Local holiday
solomon-islands,2015,22 Dec,Tuesday,December Solstice,Season
solomon-islands,2015,25 Dec,Friday,Christmas Day,Public Holiday
solomon-islands,2015,26 Dec,Saturday,National Day of Thanksgiving,Public Holiday
solomon-islands,2016,1 Jan,Friday,New Year's Day,Public Holiday
solomon-islands,2016,25 Feb,Thursday,Choiseul Province Day,Local holiday
solomon-islands,2016,20 Mar,Sunday,March Equinox,Season
solomon-islands,2016,25 Mar,Friday,Good Friday,Public Holiday
solomon-islands,2016,26 Mar,Saturday,Holy Saturday,Public Holiday
solomon-islands,2016,27 Mar,Sunday,Easter Sunday,Observance
solomon-islands,2016,28 Mar,Monday,Easter Monday,Public Holiday
solomon-islands,2016,16 May,Monday,Whit Monday,Public Holiday
solomon-islands,2016,2 Jun,Thursday,Isabel Province Day,Local holiday
solomon-islands,2016,8 Jun,Wednesday,Temotu Province Day,Local holiday
solomon-islands,2016,10 Jun,Friday,Day off for Queen's Official Birthday,Public Holiday
solomon-islands,2016,11 Jun,Saturday,Queen's Official Birthday,Observance
solomon-islands,2016,21 Jun,Tuesday,June Solstice,Season
solomon-islands,2016,29 Jun,Wednesday,Central Province Day,Local holiday
solomon-islands,2016,7 Jul,Thursday,Independence Day,Public Holiday
solomon-islands,2016,20 Jul,Wednesday,Rennell and Bellona Province Day,Local holiday
solomon-islands,2016,1 Aug,Monday,Gualdalcanal Province Day,Local holiday
solomon-islands,2016,3 Aug,Wednesday,Makira-Ulawa Province Day,Local holiday
solomon-islands,2016,15 Aug,Monday,Malaita Province Day,Local holiday
solomon-islands,2016,23 Sep,Friday,September Equinox,Season
solomon-islands,2016,7 Dec,Wednesday,Western Province Day,Local holiday
solomon-islands,2016,21 Dec,Wednesday,December Solstice,Season
solomon-islands,2016,25 Dec,Sunday,Christmas Day,Public Holiday
solomon-islands,2016,26 Dec,Monday,National Day of Thanksgiving,Public Holiday
solomon-islands,2016,27 Dec,Tuesday,Day off for National Day of Thanksgiving,Public Holiday
solomon-islands,2017,1 Jan,Sunday,New Year's Day,Public Holiday
solomon-islands,2017,2 Jan,Monday,Day off for New Year's Day,Public Holiday
solomon-islands,2017,24 Feb,Friday,Choiseul Province Day observed,Local holiday
solomon-islands,2017,25 Feb,Saturday,Choiseul Province Day,Local holiday
solomon-islands,2017,20 Mar,Monday,March Equinox,Season
solomon-islands,2017,14 Apr,Friday,Good Friday,Public Holiday
solomon-islands,2017,15 Apr,Saturday,Holy Saturday,Public Holiday
solomon-islands,2017,16 Apr,Sunday,Easter Sunday,Observance
solomon-islands,2017,17 Apr,Monday,Easter Monday,Public Holiday
solomon-islands,2017,2 Jun,Friday,Isabel Province Day,Local holiday
solomon-islands,2017,5 Jun,Monday,Whit Monday,Public Holiday
solomon-islands,2017,8 Jun,Thursday,Temotu Province Day,Local holiday
solomon-islands,2017,9 Jun,Friday,Day off for Queen's Official Birthday,Public Holiday
solomon-islands,2017,10 Jun,Saturday,Queen's Official Birthday,Observance
solomon-islands,2017,21 Jun,Wednesday,June Solstice,Season
solomon-islands,2017,29 Jun,Thursday,Central Province Day,Local holiday
solomon-islands,2017,7 Jul,Friday,Independence Day,Public Holiday
solomon-islands,2017,20 Jul,Thursday,Rennell and Bellona Province Day,Local holiday
solomon-islands,2017,1 Aug,Tuesday,Gualdalcanal Province Day,Local holiday
solomon-islands,2017,3 Aug,Thursday,Makira-Ulawa Province Day,Local holiday
solomon-islands,2017,15 Aug,Tuesday,Malaita Province Day,Local holiday
solomon-islands,2017,23 Sep,Saturday,September Equinox,Season
solomon-islands,2017,7 Dec,Thursday,Western Province Day,Local holiday
solomon-islands,2017,22 Dec,Friday,December Solstice,Season
solomon-islands,2017,25 Dec,Monday,Christmas Day,Public Holiday
solomon-islands,2017,26 Dec,Tuesday,National Day of Thanksgiving,Public Holiday
solomon-islands,2018,1 Jan,Monday,New Year's Day,Public Holiday
solomon-islands,2018,25 Feb,Sunday,Choiseul Province Day,Local holiday
solomon-islands,2018,26 Feb,Monday,Choiseul Province Day observed,Local holiday
solomon-islands,2018,21 Mar,Wednesday,March Equinox,Season
solomon-islands,2018,30 Mar,Friday,Good Friday,Public Holiday
solomon-islands,2018,31 Mar,Saturday,Holy Saturday,Public Holiday
solomon-islands,2018,1 Apr,Sunday,Easter Sunday,Observance
solomon-islands,2018,2 Apr,Monday,Easter Monday,Public Holiday
solomon-islands,2018,21 May,Monday,Whit Monday,Public Holiday
solomon-islands,2018,1 Jun,Friday,Day off for Isabel Province Day,Local holiday
solomon-islands,2018,2 Jun,Saturday,Isabel Province Day,Local holiday
solomon-islands,2018,8 Jun,Friday,Day off for Queen's Official Birthday,Public Holiday
solomon-islands,2018,8 Jun,Friday,Temotu Province Day,Local holiday
solomon-islands,2018,9 Jun,Saturday,Queen's Official Birthday,Observance
solomon-islands,2018,21 Jun,Thursday,June Solstice,Season
solomon-islands,2018,29 Jun,Friday,Central Province Day,Local holiday
solomon-islands,2018,6 Jul,Friday,Day off for Independence Day,Public Holiday
solomon-islands,2018,7 Jul,Saturday,Independence Day,Public Holiday
solomon-islands,2018,20 Jul,Friday,Rennell and Bellona Province Day,Local holiday
solomon-islands,2018,1 Aug,Wednesday,Gualdalcanal Province Day,Local holiday
solomon-islands,2018,3 Aug,Friday,Makira-Ulawa Province Day,Local holiday
solomon-islands,2018,15 Aug,Wednesday,Malaita Province Day,Local holiday
solomon-islands,2018,23 Sep,Sunday,September Equinox,Season
solomon-islands,2018,7 Dec,Friday,Western Province Day,Local holiday
solomon-islands,2018,22 Dec,Saturday,December Solstice,Season
solomon-islands,2018,25 Dec,Tuesday,Christmas Day,Public Holiday
solomon-islands,2018,26 Dec,Wednesday,National Day of Thanksgiving,Public Holiday
solomon-islands,2019,1 Jan,Tuesday,New Year's Day,Public Holiday
solomon-islands,2019,25 Feb,Monday,Choiseul Province Day,Local holiday
solomon-islands,2019,21 Mar,Thursday,March Equinox,Season
solomon-islands,2019,19 Apr,Friday,Good Friday,Public Holiday
solomon-islands,2019,20 Apr,Saturday,Holy Saturday,Public Holiday
solomon-islands,2019,21 Apr,Sunday,Easter Sunday,Observance
solomon-islands,2019,22 Apr,Monday,Easter Monday,Public Holiday
solomon-islands,2019,2 Jun,Sunday,Isabel Province Day,Local holiday
solomon-islands,2019,3 Jun,Monday,Day off for Isabel Province Day,Local holiday
solomon-islands,2019,7 Jun,Friday,Day off for Queen's Official Birthday,Public Holiday
solomon-islands,2019,7 Jun,Friday,Day off for Temotu Province Day,Local holiday
solomon-islands,2019,8 Jun,Saturday,Queen's Official Birthday,Observance
solomon-islands,2019,8 Jun,Saturday,Temotu Province Day,Local holiday
solomon-islands,2019,10 Jun,Monday,Whit Monday,Public Holiday
solomon-islands,2019,22 Jun,Saturday,June Solstice,Season
solomon-islands,2019,28 Jun,Friday,Day off for Central Province Day,Local holiday
solomon-islands,2019,29 Jun,Saturday,Central Province Day,Local holiday
solomon-islands,2019,7 Jul,Sunday,Independence Day,Public Holiday
solomon-islands,2019,8 Jul,Monday,Day off for Independence Day,Public Holiday
solomon-islands,2019,19 Jul,Friday,Day off for Rennell and Bellona Province Day,Local holiday
solomon-islands,2019,20 Jul,Saturday,Rennell and Bellona Province Day,Local holiday
solomon-islands,2019,1 Aug,Thursday,Gualdalcanal Province Day,Local holiday
solomon-islands,2019,2 Aug,Friday,Day off for Makira-Ulawa Province Day,Local holiday
solomon-islands,2019,3 Aug,Saturday,Makira-Ulawa Province Day,Local holiday
solomon-islands,2019,15 Aug,Thursday,Malaita Province Day,Local holiday
solomon-islands,2019,23 Sep,Monday,September Equinox,Season
solomon-islands,2019,6 Dec,Friday,Day off for Western Province Day,Local holiday
solomon-islands,2019,7 Dec,Saturday,Western Province Day,Local holiday
solomon-islands,2019,22 Dec,Sunday,December Solstice,Season
solomon-islands,2019,25 Dec,Wednesday,Christmas Day,Public Holiday
solomon-islands,2019,26 Dec,Thursday,National Day of Thanksgiving,Public Holiday
solomon-islands,2019,27 Dec,Friday,Special Public Holiday,Public Holiday
solomon-islands,2020,1 Jan,Wednesday,New Year's Day,Public Holiday
solomon-islands,2020,25 Feb,Tuesday,Choiseul Province Day,Local holiday
solomon-islands,2020,20 Mar,Friday,March Equinox,Season
solomon-islands,2020,10 Apr,Friday,Good Friday,Public Holiday
solomon-islands,2020,11 Apr,Saturday,Holy Saturday,Public Holiday
solomon-islands,2020,12 Apr,Sunday,Easter Sunday,Observance
solomon-islands,2020,13 Apr,Monday,Easter Monday,Public Holiday
solomon-islands,2020,1 Jun,Monday,Whit Monday,Public Holiday
solomon-islands,2020,2 Jun,Tuesday,Isabel Province Day,Local holiday
solomon-islands,2020,8 Jun,Monday,Temotu Province Day,Local holiday
solomon-islands,2020,12 Jun,Friday,Day off for Queen's Official Birthday,Public Holiday
solomon-islands,2020,13 Jun,Saturday,Queen's Official Birthday,Observance
solomon-islands,2020,21 Jun,Sunday,June Solstice,Season
solomon-islands,2020,29 Jun,Monday,Central Province Day,Local holiday
solomon-islands,2020,7 Jul,Tuesday,Independence Day,Public Holiday
solomon-islands,2020,20 Jul,Monday,Rennell and Bellona Province Day,Local holiday
solomon-islands,2020,1 Aug,Saturday,Gualdalcanal Province Day,Local holiday
solomon-islands,2020,3 Aug,Monday,Makira-Ulawa Province Day,Local holiday
solomon-islands,2020,15 Aug,Saturday,Malaita Province Day,Local holiday
solomon-islands,2020,23 Sep,Wednesday,September Equinox,Season
solomon-islands,2020,7 Dec,Monday,Western Province Day,Local holiday
solomon-islands,2020,21 Dec,Monday,December Solstice,Season
solomon-islands,2020,25 Dec,Friday,Christmas Day,Public Holiday
solomon-islands,2020,26 Dec,Saturday,National Day of Thanksgiving,Public Holiday
solomon-islands,2021,1 Jan,Friday,New Year's Day,Public Holiday
solomon-islands,2021,25 Feb,Thursday,Choiseul Province Day,Local holiday
solomon-islands,2021,20 Mar,Saturday,March Equinox,Season
solomon-islands,2021,2 Apr,Friday,Good Friday,Public Holiday
solomon-islands,2021,3 Apr,Saturday,Holy Saturday,Public Holiday
solomon-islands,2021,4 Apr,Sunday,Easter Sunday,Observance
solomon-islands,2021,5 Apr,Monday,Easter Monday,Public Holiday
solomon-islands,2021,24 May,Monday,Whit Monday,Public Holiday
solomon-islands,2021,2 Jun,Wednesday,Isabel Province Day,Local holiday
solomon-islands,2021,8 Jun,Tuesday,Temotu Province Day,Local holiday
solomon-islands,2021,11 Jun,Friday,Day off for Queen's Official Birthday,Public Holiday
solomon-islands,2021,12 Jun,Saturday,Queen's Official Birthday,Observance
solomon-islands,2021,21 Jun,Monday,June Solstice,Season
solomon-islands,2021,29 Jun,Tuesday,Central Province Day,Local holiday
solomon-islands,2021,7 Jul,Wednesday,Independence Day,Public Holiday
solomon-islands,2021,20 Jul,Tuesday,Rennell and Bellona Province Day,Local holiday
solomon-islands,2021,1 Aug,Sunday,Gualdalcanal Province Day,Local holiday
solomon-islands,2021,2 Aug,Monday,Gualdalcanal Province Day observed,Local holiday
solomon-islands,2021,3 Aug,Tuesday,Makira-Ulawa Province Day,Local holiday
solomon-islands,2021,15 Aug,Sunday,Malaita Province Day,Local holiday
solomon-islands,2021,16 Aug,Monday,Malaita Province Day observed,Local holiday
solomon-islands,2021,23 Sep,Thursday,September Equinox,Season
solomon-islands,2021,7 Dec,Tuesday,Western Province Day,Local holiday
solomon-islands,2021,22 Dec,Wednesday,December Solstice,Season
solomon-islands,2021,25 Dec,Saturday,Christmas Day,Public Holiday
solomon-islands,2021,26 Dec,Sunday,National Day of Thanksgiving,Public Holiday
solomon-islands,2022,1 Jan,Saturday,New Year's Day,Public Holiday
solomon-islands,2022,25 Feb,Friday,Choiseul Province Day,Local holiday
solomon-islands,2022,21 Mar,Monday,March Equinox,Season
solomon-islands,2022,15 Apr,Friday,Good Friday,Public Holiday
solomon-islands,2022,16 Apr,Saturday,Holy Saturday,Public Holiday
solomon-islands,2022,17 Apr,Sunday,Easter Sunday,Observance
solomon-islands,2022,18 Apr,Monday,Easter Monday,Public Holiday
solomon-islands,2022,2 Jun,Thursday,Isabel Province Day,Local holiday
solomon-islands,2022,3 Jun,Friday,Day off for Queen's Official Birthday,Public Holiday
solomon-islands,2022,6 Jun,Monday,Whit Monday,Public Holiday
solomon-islands,2022,8 Jun,Wednesday,Temotu Province Day,Local holiday
solomon-islands,2022,11 Jun,Saturday,Queen's Official Birthday,Observance
solomon-islands,2022,21 Jun,Tuesday,June Solstice,Season
solomon-islands,2022,29 Jun,Wednesday,Central Province Day,Local holiday
solomon-islands,2022,7 Jul,Thursday,Independence Day,Public Holiday
solomon-islands,2022,20 Jul,Wednesday,Rennell and Bellona Province Day,Local holiday
solomon-islands,2022,1 Aug,Monday,Gualdalcanal Province Day,Local holiday
solomon-islands,2022,3 Aug,Wednesday,Makira-Ulawa Province Day,Local holiday
solomon-islands,2022,15 Aug,Monday,Malaita Province Day,Local holiday
solomon-islands,2022,12 Sep,Monday,National Day of Mourning for Queen Elizabeth II,Public Holiday
solomon-islands,2022,13 Sep,Tuesday,National Day of Mourning for Queen Elizabeth II,Observance
solomon-islands,2022,14 Sep,Wednesday,National Day of Mourning for Queen Elizabeth II,Observance
solomon-islands,2022,23 Sep,Friday,September Equinox,Season
solomon-islands,2022,7 Dec,Wednesday,Western Province Day,Local holiday
solomon-islands,2022,22 Dec,Thursday,December Solstice,Season
solomon-islands,2022,25 Dec,Sunday,Christmas Day,Public Holiday
solomon-islands,2022,26 Dec,Monday,National Day of Thanksgiving,Public Holiday
solomon-islands,2022,27 Dec,Tuesday,Day off for National Day of Thanksgiving,Public Holiday
solomon-islands,2023,1 Jan,Sunday,New Year's Day,Public Holiday
solomon-islands,2023,2 Jan,Monday,Day off for New Year's Day,Public Holiday
solomon-islands,2023,24 Feb,Friday,Choiseul Province Day observed,Local holiday
solomon-islands,2023,25 Feb,Saturday,Choiseul Province Day,Local holiday
solomon-islands,2023,21 Mar,Tuesday,March Equinox,Season
solomon-islands,2023,7 Apr,Friday,Good Friday,Public Holiday
solomon-islands,2023,8 Apr,Saturday,Holy Saturday,Public Holiday
solomon-islands,2023,9 Apr,Sunday,Easter Sunday,Observance
solomon-islands,2023,10 Apr,Monday,Easter Monday,Public Holiday
solomon-islands,2023,29 May,Monday,Whit Monday,Observance
solomon-islands,2023,2 Jun,Friday,Isabel Province Day,Local holiday
solomon-islands,2023,8 Jun,Thursday,Temotu Province Day,Local holiday
solomon-islands,2023,16 Jun,Friday,King’s Birthday,Public Holiday
solomon-islands,2023,22 Jun,Thursday,June Solstice,Season
solomon-islands,2023,29 Jun,Thursday,Central Province Day,Local holiday
solomon-islands,2023,7 Jul,Friday,Independence Day,Public Holiday
solomon-islands,2023,20 Jul,Thursday,Rennell and Bellona Province Day,Local holiday
solomon-islands,2023,1 Aug,Tuesday,Gualdalcanal Province Day,Local holiday
solomon-islands,2023,3 Aug,Thursday,Makira-Ulawa Province Day,Local holiday
solomon-islands,2023,15 Aug,Tuesday,Malaita Province Day,Local holiday
solomon-islands,2023,23 Sep,Saturday,September Equinox,Season
solomon-islands,2023,7 Dec,Thursday,Western Province Day,Local holiday
solomon-islands,2023,22 Dec,Friday,December Solstice,Season
solomon-islands,2023,25 Dec,Monday,Christmas Day,Public Holiday
solomon-islands,2023,26 Dec,Tuesday,National Day of Thanksgiving,Public Holiday
solomon-islands,2024,1 Jan,Monday,New Year's Day,Public Holiday
solomon-islands,2024,25 Feb,Sunday,Choiseul Province Day,Local holiday
solomon-islands,2024,26 Feb,Monday,Choiseul Province Day observed,Local holiday
solomon-islands,2024,20 Mar,Wednesday,March Equinox,Season
solomon-islands,2024,29 Mar,Friday,Good Friday,Public Holiday
solomon-islands,2024,30 Mar,Saturday,Holy Saturday,Public Holiday
solomon-islands,2024,31 Mar,Sunday,Easter Sunday,Observance
solomon-islands,2024,1 Apr,Monday,Easter Monday,Public Holiday
solomon-islands,2024,20 May,Monday,Whit Monday,Observance
solomon-islands,2024,2 Jun,Sunday,Isabel Province Day,Local holiday
solomon-islands,2024,3 Jun,Monday,Day off for Isabel Province Day,Local holiday
solomon-islands,2024,7 Jun,Friday,Day off for Temotu Province Day,Local holiday
solomon-islands,2024,8 Jun,Saturday,Temotu Province Day,Local holiday
solomon-islands,2024,21 Jun,Friday,June Solstice,Season
solomon-islands,2024,28 Jun,Friday,Day off for Central Province Day,Local holiday
solomon-islands,2024,29 Jun,Saturday,Central Province Day,Local holiday
solomon-islands,2024,7 Jul,Sunday,Independence Day,Public Holiday
solomon-islands,2024,8 Jul,Monday,Day off for Independence Day,Public Holiday
solomon-islands,2024,19 Jul,Friday,Day off for Rennell and Bellona Province Day,Local holiday
solomon-islands,2024,20 Jul,Saturday,Rennell and Bellona Province Day,Local holiday
solomon-islands,2024,1 Aug,Thursday,Gualdalcanal Province Day,Local holiday
solomon-islands,2024,2 Aug,Friday,Day off for Makira-Ulawa Province Day,Local holiday
solomon-islands,2024,3 Aug,Saturday,Makira-Ulawa Province Day,Local holiday
solomon-islands,2024,15 Aug,Thursday,Malaita Province Day,Local holiday
solomon-islands,2024,22 Sep,Sunday,September Equinox,Season
solomon-islands,2024,6 Dec,Friday,Day off for Western Province Day,Local holiday
solomon-islands,2024,7 Dec,Saturday,Western Province Day,Local holiday
solomon-islands,2024,21 Dec,Saturday,December Solstice,Season
solomon-islands,2024,25 Dec,Wednesday,Christmas Day,Public Holiday
solomon-islands,2024,26 Dec,Thursday,National Day of Thanksgiving,Public Holiday
solomon-islands,2025,1 Jan,Wednesday,New Year's Day,Public Holiday
solomon-islands,2025,25 Feb,Tuesday,Choiseul Province Day,Local holiday
solomon-islands,2025,20 Mar,Thursday,March Equinox,Season
solomon-islands,2025,18 Apr,Friday,Good Friday,Public Holiday
solomon-islands,2025,19 Apr,Saturday,Holy Saturday,Public Holiday
solomon-islands,2025,20 Apr,Sunday,Easter Sunday,Observance
solomon-islands,2025,21 Apr,Monday,Easter Monday,Public Holiday
solomon-islands,2025,2 Jun,Monday,Isabel Province Day,Local holiday
solomon-islands,2025,8 Jun,Sunday,Temotu Province Day,Local holiday
solomon-islands,2025,9 Jun,Monday,Whit Monday,Observance
solomon-islands,2025,9 Jun,Monday,Day off for Temotu Province Day,Local holiday
solomon-islands,2025,21 Jun,Saturday,June Solstice,Season
solomon-islands,2025,29 Jun,Sunday,Central Province Day,Local holiday
solomon-islands,2025,30 Jun,Monday,Day off for Central Province Day,Local holiday
solomon-islands,2025,7 Jul,Monday,Independence Day,Public Holiday
solomon-islands,2025,20 Jul,Sunday,Rennell and Bellona Province Day,Local holiday
solomon-islands,2025,21 Jul,Monday,Day off for Rennell and Bellona Province Day,Local holiday
solomon-islands,2025,1 Aug,Friday,Gualdalcanal Province Day,Local holiday
solomon-islands,2025,3 Aug,Sunday,Makira-Ulawa Province Day,Local holiday
solomon-islands,2025,4 Aug,Monday,Day off for Makira-Ulawa Province Day,Local holiday
solomon-islands,2025,15 Aug,Friday,Malaita Province Day,Local holiday
solomon-islands,2025,23 Sep,Tuesday,September Equinox,Season
solomon-islands,2025,7 Dec,Sunday,Western Province Day,Local holiday
solomon-islands,2025,8 Dec,Monday,Day off for Western Province Day,Local holiday
solomon-islands,2025,22 Dec,Monday,December Solstice,Season
solomon-islands,2025,25 Dec,Thursday,Christmas Day,Public Holiday
solomon-islands,2025,26 Dec,Friday,National Day of Thanksgiving,Public Holiday
solomon-islands,2026,1 Jan,Thursday,New Year's Day,Public Holiday
solomon-islands,2026,25 Feb,Wednesday,Choiseul Province Day,Local holiday
solomon-islands,2026,21 Mar,Saturday,March Equinox,Season
solomon-islands,2026,3 Apr,Friday,Good Friday,Public Holiday
solomon-islands,2026,4 Apr,Saturday,Holy Saturday,Public Holiday
solomon-islands,2026,5 Apr,Sunday,Easter Sunday,Observance
solomon-islands,2026,6 Apr,Monday,Easter Monday,Public Holiday
solomon-islands,2026,25 May,Monday,Whit Monday,Observance
solomon-islands,2026,2 Jun,Tuesday,Isabel Province Day,Local holiday
solomon-islands,2026,8 Jun,Monday,Temotu Province Day,Local holiday
solomon-islands,2026,21 Jun,Sunday,June Solstice,Season
solomon-islands,2026,29 Jun,Monday,Central Province Day,Local holiday
solomon-islands,2026,7 Jul,Tuesday,Independence Day,Public Holiday
solomon-islands,2026,20 Jul,Monday,Rennell and Bellona Province Day,Local holiday
solomon-islands,2026,1 Aug,Saturday,Gualdalcanal Province Day,Local holiday
solomon-islands,2026,3 Aug,Monday,Makira-Ulawa Province Day,Local holiday
solomon-islands,2026,15 Aug,Saturday,Malaita Province Day,Local holiday
solomon-islands,2026,23 Sep,Wednesday,September Equinox,Season
solomon-islands,2026,7 Dec,Monday,Western Province Day,Local holiday
solomon-islands,2026,22 Dec,Tuesday,December Solstice,Season
solomon-islands,2026,25 Dec,Friday,Christmas Day,Public Holiday
solomon-islands,2026,26 Dec,Saturday,National Day of Thanksgiving,Public Holiday
solomon-islands,2027,1 Jan,Friday,New Year's Day,Public Holiday
solomon-islands,2027,25 Feb,Thursday,Choiseul Province Day,Local holiday
solomon-islands,2027,21 Mar,Sunday,March Equinox,Season
solomon-islands,2027,26 Mar,Friday,Good Friday,Public Holiday
solomon-islands,2027,27 Mar,Saturday,Holy Saturday,Public Holiday
solomon-islands,2027,28 Mar,Sunday,Easter Sunday,Observance
solomon-islands,2027,29 Mar,Monday,Easter Monday,Public Holiday
solomon-islands,2027,17 May,Monday,Whit Monday,Observance
solomon-islands,2027,2 Jun,Wednesday,Isabel Province Day,Local holiday
solomon-islands,2027,8 Jun,Tuesday,Temotu Province Day,Local holiday
solomon-islands,2027,22 Jun,Tuesday,June Solstice,Season
solomon-islands,2027,29 Jun,Tuesday,Central Province Day,Local holiday
solomon-islands,2027,7 Jul,Wednesday,Independence Day,Public Holiday
solomon-islands,2027,20 Jul,Tuesday,Rennell and Bellona Province Day,Local holiday
solomon-islands,2027,1 Aug,Sunday,Gualdalcanal Province Day,Local holiday
solomon-islands,2027,2 Aug,Monday,Gualdalcanal Province Day observed,Local holiday
solomon-islands,2027,3 Aug,Tuesday,Makira-Ulawa Province Day,Local holiday
solomon-islands,2027,15 Aug,Sunday,Malaita Province Day,Local holiday
solomon-islands,2027,16 Aug,Monday,Malaita Province Day observed,Local holiday
solomon-islands,2027,23 Sep,Thursday,September Equinox,Season
solomon-islands,2027,7 Dec,Tuesday,Western Province Day,Local holiday
solomon-islands,2027,22 Dec,Wednesday,December Solstice,Season
solomon-islands,2027,25 Dec,Saturday,Christmas Day,Public Holiday
solomon-islands,2027,26 Dec,Sunday,National Day of Thanksgiving,Public Holiday
solomon-islands,2028,1 Jan,Saturday,New Year's Day,Public Holiday
solomon-islands,2028,25 Feb,Friday,Choiseul Province Day,Local holiday
solomon-islands,2028,20 Mar,Monday,March Equinox,Season
solomon-islands,2028,14 Apr,Friday,Good Friday,Public Holiday
solomon-islands,2028,15 Apr,Saturday,Holy Saturday,Public Holiday
solomon-islands,2028,16 Apr,Sunday,Easter Sunday,Observance
solomon-islands,2028,17 Apr,Monday,Easter Monday,Public Holiday
solomon-islands,2028,2 Jun,Friday,Isabel Province Day,Local holiday
solomon-islands,2028,5 Jun,Monday,Whit Monday,Observance
solomon-islands,2028,8 Jun,Thursday,Temotu Province Day,Local holiday
solomon-islands,2028,21 Jun,Wednesday,June Solstice,Season
solomon-islands,2028,29 Jun,Thursday,Central Province Day,Local holiday
solomon-islands,2028,7 Jul,Friday,Independence Day,Public Holiday
solomon-islands,2028,20 Jul,Thursday,Rennell and Bellona Province Day,Local holiday
solomon-islands,2028,1 Aug,Tuesday,Gualdalcanal Province Day,Local holiday
solomon-islands,2028,3 Aug,Thursday,Makira-Ulawa Province Day,Local holiday
solomon-islands,2028,15 Aug,Tuesday,Malaita Province Day,Local holiday
solomon-islands,2028,22 Sep,Friday,September Equinox,Season
solomon-islands,2028,7 Dec,Thursday,Western Province Day,Local holiday
solomon-islands,2028,21 Dec,Thursday,December Solstice,Season
solomon-islands,2028,25 Dec,Monday,Christmas Day,Public Holiday
solomon-islands,2028,26 Dec,Tuesday,National Day of Thanksgiving,Public Holiday
solomon-islands,2029,1 Jan,Monday,New Year's Day,Public Holiday
solomon-islands,2029,25 Feb,Sunday,Choiseul Province Day,Local holiday
solomon-islands,2029,26 Feb,Monday,Choiseul Province Day observed,Local holiday
solomon-islands,2029,20 Mar,Tuesday,March Equinox,Season
solomon-islands,2029,30 Mar,Friday,Good Friday,Public Holiday
solomon-islands,2029,31 Mar,Saturday,Holy Saturday,Public Holiday
solomon-islands,2029,1 Apr,Sunday,Easter Sunday,Observance
solomon-islands,2029,2 Apr,Monday,Easter Monday,Public Holiday
solomon-islands,2029,21 May,Monday,Whit Monday,Observance
solomon-islands,2029,2 Jun,Saturday,Isabel Province Day,Local holiday
solomon-islands,2029,8 Jun,Friday,Temotu Province Day,Local holiday
solomon-islands,2029,21 Jun,Thursday,June Solstice,Season
solomon-islands,2029,29 Jun,Friday,Central Province Day,Local holiday
solomon-islands,2029,6 Jul,Friday,Day off for Independence Day,Public Holiday
solomon-islands,2029,7 Jul,Saturday,Independence Day,Public Holiday
solomon-islands,2029,20 Jul,Friday,Rennell and Bellona Province Day,Local holiday
solomon-islands,2029,1 Aug,Wednesday,Gualdalcanal Province Day,Local holiday
solomon-islands,2029,3 Aug,Friday,Makira-Ulawa Province Day,Local holiday
solomon-islands,2029,15 Aug,Wednesday,Malaita Province Day,Local holiday
solomon-islands,2029,23 Sep,Sunday,September Equinox,Season
solomon-islands,2029,7 Dec,Friday,Western Province Day,Local holiday
solomon-islands,2029,22 Dec,Saturday,December Solstice,Season
solomon-islands,2029,25 Dec,Tuesday,Christmas Day,Public Holiday
solomon-islands,2029,26 Dec,Wednesday,National Day of Thanksgiving,Public Holiday
solomon-islands,2030,1 Jan,Tuesday,New Year's Day,Public Holiday
solomon-islands,2030,25 Feb,Monday,Choiseul Province Day,Local holiday
solomon-islands,2030,21 Mar,Thursday,March Equinox,Season
solomon-islands,2030,19 Apr,Friday,Good Friday,Public Holiday
solomon-islands,2030,20 Apr,Saturday,Holy Saturday,Public Holiday
solomon-islands,2030,21 Apr,Sunday,Easter Sunday,Observance
solomon-islands,2030,22 Apr,Monday,Easter Monday,Public Holiday
solomon-islands,2030,2 Jun,Sunday,Isabel Province Day,Local holiday
solomon-islands,2030,3 Jun,Monday,Day off for Isabel Province Day,Local holiday
solomon-islands,2030,7 Jun,Friday,Day off for Temotu Province Day,Local holiday
solomon-islands,2030,8 Jun,Saturday,Temotu Province Day,Local holiday
solomon-islands,2030,10 Jun,Monday,Whit Monday,Observance
solomon-islands,2030,21 Jun,Friday,June Solstice,Season
solomon-islands,2030,28 Jun,Friday,Day off for Central Province Day,Local holiday
solomon-islands,2030,29 Jun,Saturday,Central Province Day,Local holiday
solomon-islands,2030,7 Jul,Sunday,Independence Day,Public Holiday
solomon-islands,2030,8 Jul,Monday,Day off for Independence Day,Public Holiday
solomon-islands,2030,19 Jul,Friday,Day off for Rennell and Bellona Province Day,Local holiday
solomon-islands,2030,20 Jul,Saturday,Rennell and Bellona Province Day,Local holiday
solomon-islands,2030,1 Aug,Thursday,Gualdalcanal Province Day,Local holiday
solomon-islands,2030,2 Aug,Friday,Day off for Makira-Ulawa Province Day,Local holiday
solomon-islands,2030,3 Aug,Saturday,Makira-Ulawa Province Day,Local holiday
solomon-islands,2030,15 Aug,Thursday,Malaita Province Day,Local holiday
solomon-islands,2030,23 Sep,Monday,September Equinox,Season
solomon-islands,2030,6 Dec,Friday,Day off for Western Province Day,Local holiday
solomon-islands,2030,7 Dec,Saturday,Western Province Day,Local holiday
solomon-islands,2030,22 Dec,Sunday,December Solstice,Season
solomon-islands,2030,25 Dec,Wednesday,Christmas Day,Public Holiday
solomon-islands,2030,26 Dec,Thursday,National Day of Thanksgiving,Public Holiday
solomon-islands,2031,1 Jan,Wednesday,New Year's Day,Public Holiday
solomon-islands,2031,25 Feb,Tuesday,Choiseul Province Day,Local holiday
solomon-islands,2031,21 Mar,Friday,March Equinox,Season
solomon-islands,2031,11 Apr,Friday,Good Friday,Public Holiday
solomon-islands,2031,12 Apr,Saturday,Holy Saturday,Public Holiday
solomon-islands,2031,13 Apr,Sunday,Easter Sunday,Observance
solomon-islands,2031,14 Apr,Monday,Easter Monday,Public Holiday
solomon-islands,2031,2 Jun,Monday,Whit Monday,Observance
solomon-islands,2031,2 Jun,Monday,Isabel Province Day,Local holiday
solomon-islands,2031,8 Jun,Sunday,Temotu Province Day,Local holiday
solomon-islands,2031,9 Jun,Monday,Day off for Temotu Province Day,Local holiday
solomon-islands,2031,22 Jun,Sunday,June Solstice,Season
solomon-islands,2031,29 Jun,Sunday,Central Province Day,Local holiday
solomon-islands,2031,30 Jun,Monday,Day off for Central Province Day,Local holiday
solomon-islands,2031,7 Jul,Monday,Independence Day,Public Holiday
solomon-islands,2031,20 Jul,Sunday,Rennell and Bellona Province Day,Local holiday
solomon-islands,2031,21 Jul,Monday,Day off for Rennell and Bellona Province Day,Local holiday
solomon-islands,2031,1 Aug,Friday,Gualdalcanal Province Day,Local holiday
solomon-islands,2031,3 Aug,Sunday,Makira-Ulawa Province Day,Local holiday
solomon-islands,2031,4 Aug,Monday,Day off for Makira-Ulawa Province Day,Local holiday
solomon-islands,2031,15 Aug,Friday,Malaita Province Day,Local holiday
solomon-islands,2031,23 Sep,Tuesday,September Equinox,Season
solomon-islands,2031,7 Dec,Sunday,Western Province Day,Local holiday
solomon-islands,2031,8 Dec,Monday,Day off for Western Province Day,Local holiday
solomon-islands,2031,22 Dec,Monday,December Solstice,Season
solomon-islands,2031,25 Dec,Thursday,Christmas Day,Public Holiday
solomon-islands,2031,26 Dec,Friday,National Day of Thanksgiving,Public Holiday
solomon-islands,2032,1 Jan,Thursday,New Year's Day,Public Holiday
solomon-islands,2032,25 Feb,Wednesday,Choiseul Province Day,Local holiday
solomon-islands,2032,20 Mar,Saturday,March Equinox,Season
solomon-islands,2032,26 Mar,Friday,Good Friday,Public Holiday
solomon-islands,2032,27 Mar,Saturday,Holy Saturday,Public Holiday
solomon-islands,2032,28 Mar,Sunday,Easter Sunday,Observance
solomon-islands,2032,29 Mar,Monday,Easter Monday,Public Holiday
solomon-islands,2032,17 May,Monday,Whit Monday,Observance
solomon-islands,2032,2 Jun,Wednesday,Isabel Province Day,Local holiday
solomon-islands,2032,8 Jun,Tuesday,Temotu Province Day,Local holiday
solomon-islands,2032,21 Jun,Monday,June Solstice,Season
solomon-islands,2032,29 Jun,Tuesday,Central Province Day,Local holiday
solomon-islands,2032,7 Jul,Wednesday,Independence Day,Public Holiday
solomon-islands,2032,20 Jul,Tuesday,Rennell and Bellona Province Day,Local holiday
solomon-islands,2032,1 Aug,Sunday,Gualdalcanal Province Day,Local holiday
solomon-islands,2032,2 Aug,Monday,Gualdalcanal Province Day observed,Local holiday
solomon-islands,2032,3 Aug,Tuesday,Makira-Ulawa Province Day,Local holiday
solomon-islands,2032,15 Aug,Sunday,Malaita Province Day,Local holiday
solomon-islands,2032,16 Aug,Monday,Malaita Province Day observed,Local holiday
solomon-islands,2032,22 Sep,Wednesday,September Equinox,Season
solomon-islands,2032,7 Dec,Tuesday,Western Province Day,Local holiday
solomon-islands,2032,21 Dec,Tuesday,December Solstice,Season
solomon-islands,2032,25 Dec,Saturday,Christmas Day,Public Holiday
solomon-islands,2032,26 Dec,Sunday,National Day of Thanksgiving,Public Holiday
solomon-islands,2033,1 Jan,Saturday,New Year's Day,Public Holiday
solomon-islands,2033,25 Feb,Friday,Choiseul Province Day,Local holiday
solomon-islands,2033,20 Mar,Sunday,March Equinox,Season
solomon-islands,2033,15 Apr,Friday,Good Friday,Public Holiday
solomon-islands,2033,16 Apr,Saturday,Holy Saturday,Public Holiday
solomon-islands,2033,17 Apr,Sunday,Easter Sunday,Observance
solomon-islands,2033,18 Apr,Monday,Easter Monday,Public Holiday
solomon-islands,2033,2 Jun,Thursday,Isabel Province Day,Local holiday
solomon-islands,2033,6 Jun,Monday,Whit Monday,Observance
solomon-islands,2033,8 Jun,Wednesday,Temotu Province Day,Local holiday
solomon-islands,2033,21 Jun,Tuesday,June Solstice,Season
solomon-islands,2033,29 Jun,Wednesday,Central Province Day,Local holiday
solomon-islands,2033,7 Jul,Thursday,Independence Day,Public Holiday
solomon-islands,2033,20 Jul,Wednesday,Rennell and Bellona Province Day,Local holiday
solomon-islands,2033,1 Aug,Monday,Gualdalcanal Province Day,Local holiday
solomon-islands,2033,3 Aug,Wednesday,Makira-Ulawa Province Day,Local holiday
solomon-islands,2033,15 Aug,Monday,Malaita Province Day,Local holiday
solomon-islands,2033,23 Sep,Friday,September Equinox,Season
solomon-islands,2033,7 Dec,Wednesday,Western Province Day,Local holiday
solomon-islands,2033,22 Dec,Thursday,December Solstice,Season
solomon-islands,2033,25 Dec,Sunday,Christmas Day,Public Holiday
solomon-islands,2033,26 Dec,Monday,National Day of Thanksgiving,Public Holiday
solomon-islands,2033,27 Dec,Tuesday,Day off for National Day of Thanksgiving,Public Holiday
solomon-islands,2034,1 Jan,Sunday,New Year's Day,Public Holiday
solomon-islands,2034,2 Jan,Monday,Day off for New Year's Day,Public Holiday
solomon-islands,2034,24 Feb,Friday,Choiseul Province Day observed,Local holiday
solomon-islands,2034,25 Feb,Saturday,Choiseul Province Day,Local holiday
solomon-islands,2034,21 Mar,Tuesday,March Equinox,Season
solomon-islands,2034,7 Apr,Friday,Good Friday,Public Holiday
solomon-islands,2034,8 Apr,Saturday,Holy Saturday,Public Holiday
solomon-islands,2034,9 Apr,Sunday,Easter Sunday,Observance
solomon-islands,2034,10 Apr,Monday,Easter Monday,Public Holiday
solomon-islands,2034,29 May,Monday,Whit Monday,Observance
solomon-islands,2034,2 Jun,Friday,Isabel Province Day,Local holiday
solomon-islands,2034,8 Jun,Thursday,Temotu Province Day,Local holiday
solomon-islands,2034,21 Jun,Wednesday,June Solstice,Season
solomon-islands,2034,29 Jun,Thursday,Central Province Day,Local holiday
solomon-islands,2034,7 Jul,Friday,Independence Day,Public Holiday
solomon-islands,2034,20 Jul,Thursday,Rennell and Bellona Province Day,Local holiday
solomon-islands,2034,1 Aug,Tuesday,Gualdalcanal Province Day,Local holiday
solomon-islands,2034,3 Aug,Thursday,Makira-Ulawa Province Day,Local holiday
solomon-islands,2034,15 Aug,Tuesday,Malaita Province Day,Local holiday
solomon-islands,2034,23 Sep,Saturday,September Equinox,Season
solomon-islands,2034,7 Dec,Thursday,Western Province Day,Local holiday
solomon-islands,2034,22 Dec,Friday,December Solstice,Season
solomon-islands,2034,25 Dec,Monday,Christmas Day,Public Holiday
solomon-islands,2034,26 Dec,Tuesday,National Day of Thanksgiving,Public Holiday
solomon-islands,2035,1 Jan,Monday,New Year's Day,Public Holiday
solomon-islands,2035,25 Feb,Sunday,Choiseul Province Day,Local holiday
solomon-islands,2035,26 Feb,Monday,Choiseul Province Day observed,Local holiday
solomon-islands,2035,21 Mar,Wednesday,March Equinox,Season
solomon-islands,2035,23 Mar,Friday,Good Friday,Public Holiday
solomon-islands,2035,24 Mar,Saturday,Holy Saturday,Public Holiday
solomon-islands,2035,25 Mar,Sunday,Easter Sunday,Observance
solomon-islands,2035,26 Mar,Monday,Easter Monday,Public Holiday
solomon-islands,2035,14 May,Monday,Whit Monday,Observance
solomon-islands,2035,2 Jun,Saturday,Isabel Province Day,Local holiday
solomon-islands,2035,8 Jun,Friday,Temotu Province Day,Local holiday
solomon-islands,2035,21 Jun,Thursday,June Solstice,Season
solomon-islands,2035,29 Jun,Friday,Central Province Day,Local holiday
solomon-islands,2035,6 Jul,Friday,Day off for Independence Day,Public Holiday
solomon-islands,2035,7 Jul,Saturday,Independence Day,Public Holiday
solomon-islands,2035,20 Jul,Friday,Rennell and Bellona Province Day,Local holiday
solomon-islands,2035,1 Aug,Wednesday,Gualdalcanal Province Day,Local holiday
solomon-islands,2035,3 Aug,Friday,Makira-Ulawa Province Day,Local holiday
solomon-islands,2035,15 Aug,Wednesday,Malaita Province Day,Local holiday
solomon-islands,2035,23 Sep,Sunday,September Equinox,Season
solomon-islands,2035,7 Dec,Friday,Western Province Day,Local holiday
solomon-islands,2035,22 Dec,Saturday,December Solstice,Season
solomon-islands,2035,25 Dec,Tuesday,Christmas Day,Public Holiday
solomon-islands,2035,26 Dec,Wednesday,National Day of Thanksgiving,Public Holiday
solomon-islands,2036,1 Jan,Tuesday,New Year's Day,Public Holiday
solomon-islands,2036,25 Feb,Monday,Choiseul Province Day,Local holiday
solomon-islands,2036,20 Mar,Thursday,March Equinox,Season
solomon-islands,2036,11 Apr,Friday,Good Friday,Public Holiday
solomon-islands,2036,12 Apr,Saturday,Holy Saturday,Public Holiday
solomon-islands,2036,13 Apr,Sunday,Easter Sunday,Observance
solomon-islands,2036,14 Apr,Monday,Easter Monday,Public Holiday
solomon-islands,2036,2 Jun,Monday,Whit Monday,Observance
solomon-islands,2036,2 Jun,Monday,Isabel Province Day,Local holiday
solomon-islands,2036,8 Jun,Sunday,Temotu Province Day,Local holiday
solomon-islands,2036,9 Jun,Monday,Day off for Temotu Province Day,Local holiday
solomon-islands,2036,21 Jun,Saturday,June Solstice,Season
solomon-islands,2036,29 Jun,Sunday,Central Province Day,Local holiday
solomon-islands,2036,30 Jun,Monday,Day off for Central Province Day,Local holiday
solomon-islands,2036,7 Jul,Monday,Independence Day,Public Holiday
solomon-islands,2036,20 Jul,Sunday,Rennell and Bellona Province Day,Local holiday
solomon-islands,2036,21 Jul,Monday,Day off for Rennell and Bellona Province Day,Local holiday
solomon-islands,2036,1 Aug,Friday,Gualdalcanal Province Day,Local holiday
solomon-islands,2036,3 Aug,Sunday,Makira-Ulawa Province Day,Local holiday
solomon-islands,2036,4 Aug,Monday,Day off for Makira-Ulawa Province Day,Local holiday
solomon-islands,2036,15 Aug,Friday,Malaita Province Day,Local holiday
solomon-islands,2036,22 Sep,Monday,September Equinox,Season
solomon-islands,2036,7 Dec,Sunday,Western Province Day,Local holiday
solomon-islands,2036,8 Dec,Monday,Day off for Western Province Day,Local holiday
solomon-islands,2036,21 Dec,Sunday,December Solstice,Season
solomon-islands,2036,25 Dec,Thursday,Christmas Day,Public Holiday
solomon-islands,2036,26 Dec,Friday,National Day of Thanksgiving,Public Holiday
solomon-islands,2037,1 Jan,Thursday,New Year's Day,Public Holiday
solomon-islands,2037,25 Feb,Wednesday,Choiseul Province Day,Local holiday
solomon-islands,2037,20 Mar,Friday,March Equinox,Season
solomon-islands,2037,3 Apr,Friday,Good Friday,Public Holiday
solomon-islands,2037,4 Apr,Saturday,Holy Saturday,Public Holiday
solomon-islands,2037,5 Apr,Sunday,Easter Sunday,Observance
solomon-islands,2037,6 Apr,Monday,Easter Monday,Public Holiday
solomon-islands,2037,25 May,Monday,Whit Monday,Observance
solomon-islands,2037,2 Jun,Tuesday,Isabel Province Day,Local holiday
solomon-islands,2037,8 Jun,Monday,Temotu Province Day,Local holiday
solomon-islands,2037,21 Jun,Sunday,June Solstice,Season
solomon-islands,2037,29 Jun,Monday,Central Province Day,Local holiday
solomon-islands,2037,7 Jul,Tuesday,Independence Day,Public Holiday
solomon-islands,2037,20 Jul,Monday,Rennell and Bellona Province Day,Local holiday
solomon-islands,2037,1 Aug,Saturday,Gualdalcanal Province Day,Local holiday
solomon-islands,2037,3 Aug,Monday,Makira-Ulawa Province Day,Local holiday
solomon-islands,2037,15 Aug,Saturday,Malaita Province Day,Local holiday
solomon-islands,2037,23 Sep,Wednesday,September Equinox,Season
solomon-islands,2037,7 Dec,Monday,Western Province Day,Local holiday
solomon-islands,2037,22 Dec,Tuesday,December Solstice,Season
solomon-islands,2037,25 Dec,Friday,Christmas Day,Public Holiday
solomon-islands,2037,26 Dec,Saturday,National Day of Thanksgiving,Public Holiday
solomon-islands,2038,1 Jan,Friday,New Year's Day,Public Holiday
solomon-islands,2038,25 Feb,Thursday,Choiseul Province Day,Local holiday
solomon-islands,2038,20 Mar,Saturday,March Equinox,Season
solomon-islands,2038,23 Apr,Friday,Good Friday,Public Holiday
solomon-islands,2038,24 Apr,Saturday,Holy Saturday,Public Holiday
solomon-islands,2038,25 Apr,Sunday,Easter Sunday,Observance
solomon-islands,2038,26 Apr,Monday,Easter Monday,Public Holiday
solomon-islands,2038,2 Jun,Wednesday,Isabel Province Day,Local holiday
solomon-islands,2038,8 Jun,Tuesday,Temotu Province Day,Local holiday
solomon-islands,2038,14 Jun,Monday,Whit Monday,Observance
solomon-islands,2038,21 Jun,Monday,June Solstice,Season
solomon-islands,2038,29 Jun,Tuesday,Central Province Day,Local holiday
solomon-islands,2038,7 Jul,Wednesday,Independence Day,Public Holiday
solomon-islands,2038,20 Jul,Tuesday,Rennell and Bellona Province Day,Local holiday
solomon-islands,2038,1 Aug,Sunday,Gualdalcanal Province Day,Local holiday
solomon-islands,2038,2 Aug,Monday,Gualdalcanal Province Day observed,Local holiday
solomon-islands,2038,3 Aug,Tuesday,Makira-Ulawa Province Day,Local holiday
solomon-islands,2038,15 Aug,Sunday,Malaita Province Day,Local holiday
solomon-islands,2038,16 Aug,Monday,Malaita Province Day observed,Local holiday
solomon-islands,2038,23 Sep,Thursday,September Equinox,Season
solomon-islands,2038,7 Dec,Tuesday,Western Province Day,Local holiday
solomon-islands,2038,22 Dec,Wednesday,December Solstice,Season
solomon-islands,2038,25 Dec,Saturday,Christmas Day,Public Holiday
solomon-islands,2038,26 Dec,Sunday,National Day of Thanksgiving,Public Holiday
solomon-islands,2039,1 Jan,Saturday,New Year's Day,Public Holiday
solomon-islands,2039,25 Feb,Friday,Choiseul Province Day,Local holiday
solomon-islands,2039,21 Mar,Monday,March Equinox,Season
solomon-islands,2039,8 Apr,Friday,Good Friday,Public Holiday
solomon-islands,2039,9 Apr,Saturday,Holy Saturday,Public Holiday
solomon-islands,2039,10 Apr,Sunday,Easter Sunday,Observance
solomon-islands,2039,11 Apr,Monday,Easter Monday,Public Holiday
solomon-islands,2039,30 May,Monday,Whit Monday,Observance
solomon-islands,2039,2 Jun,Thursday,Isabel Province Day,Local holiday
solomon-islands,2039,8 Jun,Wednesday,Temotu Province Day,Local holiday
solomon-islands,2039,21 Jun,Tuesday,June Solstice,Season
solomon-islands,2039,29 Jun,Wednesday,Central Province Day,Local holiday
solomon-islands,2039,7 Jul,Thursday,Independence Day,Public Holiday
solomon-islands,2039,20 Jul,Wednesday,Rennell and Bellona Province Day,Local holiday
solomon-islands,2039,1 Aug,Monday,Gualdalcanal Province Day,Local holiday
solomon-islands,2039,3 Aug,Wednesday,Makira-Ulawa Province Day,Local holiday
solomon-islands,2039,15 Aug,Monday,Malaita Province Day,Local holiday
solomon-islands,2039,23 Sep,Friday,September Equinox,Season
solomon-islands,2039,7 Dec,Wednesday,Western Province Day,Local holiday
solomon-islands,2039,22 Dec,Thursday,December Solstice,Season
solomon-islands,2039,25 Dec,Sunday,Christmas Day,Public Holiday
solomon-islands,2039,26 Dec,Monday,National Day of Thanksgiving,Public Holiday
solomon-islands,2039,27 Dec,Tuesday,Day off for National Day of Thanksgiving,Public Holiday
solomon-islands,2040,1 Jan,Sunday,New Year's Day,Public Holiday
solomon-islands,2040,2 Jan,Monday,Day off for New Year's Day,Public Holiday
solomon-islands,2040,24 Feb,Friday,Choiseul Province Day observed,Local holiday
solomon-islands,2040,25 Feb,Saturday,Choiseul Province Day,Local holiday
solomon-islands,2040,20 Mar,Tuesday,March Equinox,Season
solomon-islands,2040,30 Mar,Friday,Good Friday,Public Holiday
solomon-islands,2040,31 Mar,Saturday,Holy Saturday,Public Holiday
solomon-islands,2040,1 Apr,Sunday,Easter Sunday,Observance
solomon-islands,2040,2 Apr,Monday,Easter Monday,Public Holiday
solomon-islands,2040,21 May,Monday,Whit Monday,Observance
solomon-islands,2040,2 Jun,Saturday,Isabel Province Day,Local holiday
solomon-islands,2040,8 Jun,Friday,Temotu Province Day,Local holiday
solomon-islands,2040,21 Jun,Thursday,June Solstice,Season
solomon-islands,2040,29 Jun,Friday,Central Province Day,Local holiday
solomon-islands,2040,6 Jul,Friday,Day off for Independence Day,Public Holiday
solomon-islands,2040,7 Jul,Saturday,Independence Day,Public Holiday
solomon-islands,2040,20 Jul,Friday,Rennell and Bellona Province Day,Local holiday
solomon-islands,2040,1 Aug,Wednesday,Gualdalcanal Province Day,Local holiday
solomon-islands,2040,3 Aug,Friday,Makira-Ulawa Province Day,Local holiday
solomon-islands,2040,15 Aug,Wednesday,Malaita Province Day,Local holiday
solomon-islands,2040,22 Sep,Saturday,September Equinox,Season
solomon-islands,2040,7 Dec,Friday,Western Province Day,Local holiday
solomon-islands,2040,21 Dec,Friday,December Solstice,Season
solomon-islands,2040,25 Dec,Tuesday,Christmas Day,Public Holiday
solomon-islands,2040,26 Dec,Wednesday,National Day of Thanksgiving,Public Holiday
