Geo,Event Year,Date,Day,Name,Type
jordan,2000,1 Jan,Saturday,New Year's Day,National holiday
jordan,2000,8 Jan,Saturday,Eid al-Fitr,National holiday
jordan,2000,30 Jan,Sunday,King Abdullah's Birthday,National holiday
jordan,2000,16 Mar,Thursday,Eid al-Adha,National holiday
jordan,2000,20 Mar,Monday,March Equinox,Season
jordan,2000,6 Apr,Thursday,Muharram/New Year,National holiday
jordan,2000,16 Apr,Sunday,Palm Sunday,Optional Holiday
jordan,2000,21 Apr,Friday,Good Friday,Observance
jordan,2000,23 Apr,Sunday,Easter Sunday,Observance
jordan,2000,24 Apr,Monday,Easter Monday,Observance
jordan,2000,28 Apr,Friday,Orthodox Good Friday,Observance
jordan,2000,30 Apr,Sunday,Orthodox Easter Day,Optional Holiday
jordan,2000,1 May,Monday,Labour Day,National holiday
jordan,2000,1 May,Monday,Orthodox Easter Monday,Optional Holiday
jordan,2000,25 May,Thursday,Independence Day,National holiday
jordan,2000,9 Jun,Friday,King Abdullah's accession to the throne,National holiday
jordan,2000,15 Jun,Thursday,Prophet's Birthday,National holiday
jordan,2000,21 Jun,Wednesday,June Solstice,Season
jordan,2000,22 Sep,Friday,September Equinox,Season
jordan,2000,25 Oct,Wednesday,Al Isra' wal Miraj,National holiday
jordan,2000,14 Nov,Tuesday,Loyalty to Hussein's day,National holiday
jordan,2000,28 Nov,Tuesday,Ramadan begins,Observance
jordan,2000,21 Dec,Thursday,December Solstice,Season
jordan,2000,25 Dec,Monday,Christmas Day,National holiday
jordan,2000,26 Dec,Tuesday,Boxing Day,Optional Holiday
jordan,2000,28 Dec,Thursday,Eid al-Fitr,National holiday
jordan,2001,1 Jan,Monday,New Year's Day,National holiday
jordan,2001,30 Jan,Tuesday,King Abdullah's Birthday,National holiday
jordan,2001,6 Mar,Tuesday,Eid al-Adha,National holiday
jordan,2001,20 Mar,Tuesday,March Equinox,Season
jordan,2001,26 Mar,Monday,Muharram/New Year,National holiday
jordan,2001,8 Apr,Sunday,Palm Sunday,Optional Holiday
jordan,2001,13 Apr,Friday,Orthodox Good Friday,Observance
jordan,2001,13 Apr,Friday,Good Friday,Observance
jordan,2001,15 Apr,Sunday,Easter Sunday,Observance
jordan,2001,15 Apr,Sunday,Orthodox Easter Day,Optional Holiday
jordan,2001,16 Apr,Monday,Easter Monday,Observance
jordan,2001,16 Apr,Monday,Orthodox Easter Monday,Optional Holiday
jordan,2001,1 May,Tuesday,Labour Day,National holiday
jordan,2001,25 May,Friday,Independence Day,National holiday
jordan,2001,4 Jun,Monday,Prophet's Birthday,National holiday
jordan,2001,9 Jun,Saturday,King Abdullah's accession to the throne,National holiday
jordan,2001,21 Jun,Thursday,June Solstice,Season
jordan,2001,23 Sep,Sunday,September Equinox,Season
jordan,2001,14 Oct,Sunday,Al Isra' wal Miraj,National holiday
jordan,2001,14 Nov,Wednesday,Loyalty to Hussein's day,National holiday
jordan,2001,16 Nov,Friday,Ramadan begins,Observance
jordan,2001,17 Dec,Monday,Eid al-Fitr,National holiday
jordan,2001,21 Dec,Friday,December Solstice,Season
jordan,2001,25 Dec,Tuesday,Christmas Day,National holiday
jordan,2001,26 Dec,Wednesday,Boxing Day,Optional Holiday
jordan,2002,1 Jan,Tuesday,New Year's Day,National holiday
jordan,2002,30 Jan,Wednesday,King Abdullah's Birthday,National holiday
jordan,2002,23 Feb,Saturday,Eid al-Adha,National holiday
jordan,2002,15 Mar,Friday,Muharram/New Year,National holiday
jordan,2002,20 Mar,Wednesday,March Equinox,Season
jordan,2002,24 Mar,Sunday,Palm Sunday,Optional Holiday
jordan,2002,29 Mar,Friday,Good Friday,Observance
jordan,2002,31 Mar,Sunday,Easter Sunday,Observance
jordan,2002,1 Apr,Monday,Easter Monday,Observance
jordan,2002,1 May,Wednesday,Labour Day,National holiday
jordan,2002,3 May,Friday,Orthodox Good Friday,Observance
jordan,2002,5 May,Sunday,Orthodox Easter Day,Optional Holiday
jordan,2002,6 May,Monday,Orthodox Easter Monday,Optional Holiday
jordan,2002,24 May,Friday,Prophet's Birthday,National holiday
jordan,2002,25 May,Saturday,Independence Day,National holiday
jordan,2002,9 Jun,Sunday,King Abdullah's accession to the throne,National holiday
jordan,2002,21 Jun,Friday,June Solstice,Season
jordan,2002,23 Sep,Monday,September Equinox,Season
jordan,2002,3 Oct,Thursday,Al Isra' wal Miraj,National holiday
jordan,2002,6 Nov,Wednesday,Ramadan begins,Observance
jordan,2002,14 Nov,Thursday,Loyalty to Hussein's day,National holiday
jordan,2002,6 Dec,Friday,Eid al-Fitr,National holiday
jordan,2002,22 Dec,Sunday,December Solstice,Season
jordan,2002,25 Dec,Wednesday,Christmas Day,National holiday
jordan,2002,26 Dec,Thursday,Boxing Day,Optional Holiday
jordan,2003,1 Jan,Wednesday,New Year's Day,National holiday
jordan,2003,30 Jan,Thursday,King Abdullah's Birthday,National holiday
jordan,2003,12 Feb,Wednesday,Eid al-Adha,National holiday
jordan,2003,5 Mar,Wednesday,Muharram/New Year,National holiday
jordan,2003,21 Mar,Friday,March Equinox,Season
jordan,2003,13 Apr,Sunday,Palm Sunday,Optional Holiday
jordan,2003,18 Apr,Friday,Good Friday,Observance
jordan,2003,20 Apr,Sunday,Easter Sunday,Observance
jordan,2003,21 Apr,Monday,Easter Monday,Observance
jordan,2003,25 Apr,Friday,Orthodox Good Friday,Observance
jordan,2003,27 Apr,Sunday,Orthodox Easter Day,Optional Holiday
jordan,2003,28 Apr,Monday,Orthodox Easter Monday,Optional Holiday
jordan,2003,1 May,Thursday,Labour Day,National holiday
jordan,2003,14 May,Wednesday,Prophet's Birthday,National holiday
jordan,2003,25 May,Sunday,Independence Day,National holiday
jordan,2003,9 Jun,Monday,King Abdullah's accession to the throne,National holiday
jordan,2003,21 Jun,Saturday,June Solstice,Season
jordan,2003,23 Sep,Tuesday,Al Isra' wal Miraj,National holiday
jordan,2003,23 Sep,Tuesday,September Equinox,Season
jordan,2003,26 Oct,Sunday,Ramadan begins,Observance
jordan,2003,14 Nov,Friday,Loyalty to Hussein's day,National holiday
jordan,2003,26 Nov,Wednesday,Eid al-Fitr,National holiday
jordan,2003,22 Dec,Monday,December Solstice,Season
jordan,2003,25 Dec,Thursday,Christmas Day,National holiday
jordan,2003,26 Dec,Friday,Boxing Day,Optional Holiday
jordan,2004,1 Jan,Thursday,New Year's Day,National holiday
jordan,2004,30 Jan,Friday,King Abdullah's Birthday,National holiday
jordan,2004,2 Feb,Monday,Eid al-Adha,National holiday
jordan,2004,22 Feb,Sunday,Muharram/New Year,National holiday
jordan,2004,20 Mar,Saturday,March Equinox,Season
jordan,2004,4 Apr,Sunday,Palm Sunday,Optional Holiday
jordan,2004,9 Apr,Friday,Orthodox Good Friday,Observance
jordan,2004,9 Apr,Friday,Good Friday,Observance
jordan,2004,11 Apr,Sunday,Easter Sunday,Observance
jordan,2004,11 Apr,Sunday,Orthodox Easter Day,Optional Holiday
jordan,2004,12 Apr,Monday,Easter Monday,Observance
jordan,2004,12 Apr,Monday,Orthodox Easter Monday,Optional Holiday
jordan,2004,1 May,Saturday,Labour Day,National holiday
jordan,2004,2 May,Sunday,Prophet's Birthday,National holiday
jordan,2004,25 May,Tuesday,Independence Day,National holiday
jordan,2004,9 Jun,Wednesday,King Abdullah's accession to the throne,National holiday
jordan,2004,21 Jun,Monday,June Solstice,Season
jordan,2004,11 Sep,Saturday,Al Isra' wal Miraj,National holiday
jordan,2004,22 Sep,Wednesday,September Equinox,Season
jordan,2004,16 Oct,Saturday,Ramadan begins,Observance
jordan,2004,14 Nov,Sunday,Loyalty to Hussein's day,National holiday
jordan,2004,14 Nov,Sunday,Eid al-Fitr,National holiday
jordan,2004,21 Dec,Tuesday,December Solstice,Season
jordan,2004,25 Dec,Saturday,Christmas Day,National holiday
jordan,2004,26 Dec,Sunday,Boxing Day,Optional Holiday
jordan,2005,1 Jan,Saturday,New Year's Day,National holiday
jordan,2005,21 Jan,Friday,Eid al-Adha,National holiday
jordan,2005,30 Jan,Sunday,King Abdullah's Birthday,National holiday
jordan,2005,10 Feb,Thursday,Muharram/New Year,National holiday
jordan,2005,20 Mar,Sunday,Palm Sunday,Optional Holiday
jordan,2005,20 Mar,Sunday,March Equinox,Season
jordan,2005,25 Mar,Friday,Good Friday,Observance
jordan,2005,27 Mar,Sunday,Easter Sunday,Observance
jordan,2005,28 Mar,Monday,Easter Monday,Observance
jordan,2005,21 Apr,Thursday,Prophet's Birthday,National holiday
jordan,2005,29 Apr,Friday,Orthodox Good Friday,Observance
jordan,2005,1 May,Sunday,Labour Day,National holiday
jordan,2005,1 May,Sunday,Orthodox Easter Day,Optional Holiday
jordan,2005,2 May,Monday,Orthodox Easter Monday,Optional Holiday
jordan,2005,25 May,Wednesday,Independence Day,National holiday
jordan,2005,9 Jun,Thursday,King Abdullah's accession to the throne,National holiday
jordan,2005,21 Jun,Tuesday,June Solstice,Season
jordan,2005,31 Aug,Wednesday,Al Isra' wal Miraj,National holiday
jordan,2005,23 Sep,Friday,September Equinox,Season
jordan,2005,5 Oct,Wednesday,Ramadan begins,Observance
jordan,2005,4 Nov,Friday,Eid al-Fitr,National holiday
jordan,2005,14 Nov,Monday,Loyalty to Hussein's day,National holiday
jordan,2005,21 Dec,Wednesday,December Solstice,Season
jordan,2005,25 Dec,Sunday,Christmas Day,National holiday
jordan,2005,26 Dec,Monday,Boxing Day,Optional Holiday
jordan,2006,1 Jan,Sunday,New Year's Day,National holiday
jordan,2006,10 Jan,Tuesday,Eid al-Adha,National holiday
jordan,2006,31 Jan,Tuesday,Muharram/New Year,National holiday
jordan,2006,20 Mar,Monday,March Equinox,Season
jordan,2006,9 Apr,Sunday,Palm Sunday,Optional Holiday
jordan,2006,11 Apr,Tuesday,Prophet's Birthday,National holiday
jordan,2006,14 Apr,Friday,Good Friday,Observance
jordan,2006,16 Apr,Sunday,Easter Sunday,Observance
jordan,2006,17 Apr,Monday,Easter Monday,Observance
jordan,2006,21 Apr,Friday,Orthodox Good Friday,Observance
jordan,2006,23 Apr,Sunday,Orthodox Easter Day,Optional Holiday
jordan,2006,24 Apr,Monday,Orthodox Easter Monday,Optional Holiday
jordan,2006,1 May,Monday,Labour Day,National holiday
jordan,2006,25 May,Thursday,Independence Day,National holiday
jordan,2006,9 Jun,Friday,King Abdullah's accession to the throne,National holiday
jordan,2006,21 Jun,Wednesday,June Solstice,Season
jordan,2006,21 Aug,Monday,Al Isra' wal Miraj,National holiday
jordan,2006,23 Sep,Saturday,September Equinox,Season
jordan,2006,24 Sep,Sunday,Ramadan begins,Observance
jordan,2006,24 Oct,Tuesday,Eid al-Fitr,National holiday
jordan,2006,14 Nov,Tuesday,Loyalty to Hussein's day,National holiday
jordan,2006,22 Dec,Friday,December Solstice,Season
jordan,2006,25 Dec,Monday,Christmas Day,National holiday
jordan,2006,26 Dec,Tuesday,Boxing Day,Optional Holiday
jordan,2006,31 Dec,Sunday,Eid al-Adha,National holiday
jordan,2007,1 Jan,Monday,New Year's Day,National holiday
jordan,2007,20 Jan,Saturday,Muharram/New Year,National holiday
jordan,2007,21 Mar,Wednesday,March Equinox,Season
jordan,2007,31 Mar,Saturday,Prophet's Birthday,National holiday
jordan,2007,1 Apr,Sunday,Palm Sunday,Optional Holiday
jordan,2007,6 Apr,Friday,Orthodox Good Friday,Observance
jordan,2007,6 Apr,Friday,Good Friday,Observance
jordan,2007,8 Apr,Sunday,Easter Sunday,Observance
jordan,2007,8 Apr,Sunday,Orthodox Easter Day,Optional Holiday
jordan,2007,9 Apr,Monday,Easter Monday,Observance
jordan,2007,9 Apr,Monday,Orthodox Easter Monday,Optional Holiday
jordan,2007,1 May,Tuesday,Labour Day,National holiday
jordan,2007,25 May,Friday,Independence Day,National holiday
jordan,2007,9 Jun,Saturday,King Abdullah's accession to the throne,National holiday
jordan,2007,21 Jun,Thursday,June Solstice,Season
jordan,2007,10 Aug,Friday,Al Isra' wal Miraj,National holiday
jordan,2007,13 Sep,Thursday,Ramadan begins,Observance
jordan,2007,23 Sep,Sunday,September Equinox,Season
jordan,2007,13 Oct,Saturday,Eid al-Fitr,National holiday
jordan,2007,20 Dec,Thursday,Eid al-Adha,National holiday
jordan,2007,22 Dec,Saturday,December Solstice,Season
jordan,2007,25 Dec,Tuesday,Christmas Day,National holiday
jordan,2007,26 Dec,Wednesday,Boxing Day,Optional Holiday
jordan,2008,1 Jan,Tuesday,New Year's Day,National holiday
jordan,2008,10 Jan,Thursday,Muharram/New Year,National holiday
jordan,2008,16 Mar,Sunday,Palm Sunday,Optional Holiday
jordan,2008,20 Mar,Thursday,Prophet's Birthday,National holiday
jordan,2008,20 Mar,Thursday,March Equinox,Season
jordan,2008,21 Mar,Friday,Good Friday,Observance
jordan,2008,23 Mar,Sunday,Easter Sunday,Observance
jordan,2008,24 Mar,Monday,Easter Monday,Observance
jordan,2008,25 Apr,Friday,Orthodox Good Friday,Observance
jordan,2008,27 Apr,Sunday,Orthodox Easter Day,Optional Holiday
jordan,2008,28 Apr,Monday,Orthodox Easter Monday,Optional Holiday
jordan,2008,1 May,Thursday,Labour Day,National holiday
jordan,2008,25 May,Sunday,Independence Day,National holiday
jordan,2008,9 Jun,Monday,King Abdullah's accession to the throne,National holiday
jordan,2008,21 Jun,Saturday,June Solstice,Season
jordan,2008,30 Jul,Wednesday,Al Isra' wal Miraj,Observance
jordan,2008,2 Sep,Tuesday,Ramadan begins,Observance
jordan,2008,22 Sep,Monday,September Equinox,Season
jordan,2008,2 Oct,Thursday,Eid al-Fitr,National holiday
jordan,2008,9 Dec,Tuesday,Eid al-Adha,National holiday
jordan,2008,21 Dec,Sunday,December Solstice,Season
jordan,2008,25 Dec,Thursday,Christmas Day,National holiday
jordan,2008,26 Dec,Friday,Boxing Day,Optional Holiday
jordan,2008,29 Dec,Monday,Muharram/New Year,National holiday
jordan,2009,1 Jan,Thursday,New Year's Day,National holiday
jordan,2009,9 Mar,Monday,Prophet's Birthday,National holiday
jordan,2009,20 Mar,Friday,March Equinox,Season
jordan,2009,5 Apr,Sunday,Palm Sunday,Optional Holiday
jordan,2009,10 Apr,Friday,Good Friday,Observance
jordan,2009,12 Apr,Sunday,Easter Sunday,Observance
jordan,2009,13 Apr,Monday,Easter Monday,Observance
jordan,2009,17 Apr,Friday,Orthodox Good Friday,Observance
jordan,2009,19 Apr,Sunday,Orthodox Easter Day,Optional Holiday
jordan,2009,20 Apr,Monday,Orthodox Easter Monday,Optional Holiday
jordan,2009,1 May,Friday,Labour Day,National holiday
jordan,2009,25 May,Monday,Independence Day,National holiday
jordan,2009,9 Jun,Tuesday,King Abdullah's accession to the throne,National holiday
jordan,2009,21 Jun,Sunday,June Solstice,Season
jordan,2009,19 Jul,Sunday,Al Isra' wal Miraj,Observance
jordan,2009,22 Aug,Saturday,Ramadan begins,Observance
jordan,2009,21 Sep,Monday,Eid al-Fitr,National holiday
jordan,2009,23 Sep,Wednesday,September Equinox,Season
jordan,2009,28 Nov,Saturday,Eid al-Adha,National holiday
jordan,2009,18 Dec,Friday,Muharram/New Year,National holiday
jordan,2009,21 Dec,Monday,December Solstice,Season
jordan,2009,25 Dec,Friday,Christmas Day,National holiday
jordan,2009,26 Dec,Saturday,Boxing Day,Optional Holiday
jordan,2010,1 Jan,Friday,New Year's Day,National holiday
jordan,2010,26 Feb,Friday,Prophet's Birthday,National holiday
jordan,2010,20 Mar,Saturday,March Equinox,Season
jordan,2010,28 Mar,Sunday,Palm Sunday,Optional Holiday
jordan,2010,2 Apr,Friday,Orthodox Good Friday,Observance
jordan,2010,2 Apr,Friday,Good Friday,Observance
jordan,2010,4 Apr,Sunday,Easter Sunday,Observance
jordan,2010,4 Apr,Sunday,Orthodox Easter Day,Optional Holiday
jordan,2010,5 Apr,Monday,Easter Monday,Observance
jordan,2010,5 Apr,Monday,Orthodox Easter Monday,Optional Holiday
jordan,2010,1 May,Saturday,Labour Day,National holiday
jordan,2010,25 May,Tuesday,Independence Day,National holiday
jordan,2010,21 Jun,Monday,June Solstice,Season
jordan,2010,8 Jul,Thursday,Al Isra' wal Miraj,Observance
jordan,2010,11 Aug,Wednesday,Ramadan begins,Observance
jordan,2010,10 Sep,Friday,Eid al-Fitr,National holiday
jordan,2010,23 Sep,Thursday,September Equinox,Season
jordan,2010,17 Nov,Wednesday,Eid al-Adha,National holiday
jordan,2010,8 Dec,Wednesday,Muharram/New Year,National holiday
jordan,2010,22 Dec,Wednesday,December Solstice,Season
jordan,2010,25 Dec,Saturday,Christmas Day,National holiday
jordan,2010,26 Dec,Sunday,Boxing Day,Optional Holiday
jordan,2011,1 Jan,Saturday,New Year's Day,National holiday
jordan,2011,16 Feb,Wednesday,Prophet's Birthday,National holiday
jordan,2011,21 Mar,Monday,March Equinox,Season
jordan,2011,17 Apr,Sunday,Palm Sunday,Optional Holiday
jordan,2011,22 Apr,Friday,Orthodox Good Friday,Observance
jordan,2011,22 Apr,Friday,Good Friday,Observance
jordan,2011,24 Apr,Sunday,Easter Sunday,Observance
jordan,2011,24 Apr,Sunday,Orthodox Easter Day,Optional Holiday
jordan,2011,25 Apr,Monday,Easter Monday,Observance
jordan,2011,25 Apr,Monday,Orthodox Easter Monday,Optional Holiday
jordan,2011,1 May,Sunday,Labour Day,National holiday
jordan,2011,25 May,Wednesday,Independence Day,National holiday
jordan,2011,21 Jun,Tuesday,June Solstice,Season
jordan,2011,28 Jun,Tuesday,Al Isra' wal Miraj,Observance
jordan,2011,1 Aug,Monday,Ramadan begins,Observance
jordan,2011,31 Aug,Wednesday,Eid al-Fitr,National holiday
jordan,2011,23 Sep,Friday,September Equinox,Season
jordan,2011,7 Nov,Monday,Eid al-Adha,National holiday
jordan,2011,27 Nov,Sunday,Muharram/New Year,National holiday
jordan,2011,22 Dec,Thursday,December Solstice,Season
jordan,2011,25 Dec,Sunday,Christmas Day,National holiday
jordan,2011,26 Dec,Monday,Boxing Day,Optional Holiday
jordan,2012,1 Jan,Sunday,New Year's Day,National holiday
jordan,2012,4 Feb,Saturday,Prophet's Birthday,National holiday
jordan,2012,20 Mar,Tuesday,March Equinox,Season
jordan,2012,1 Apr,Sunday,Palm Sunday,Optional Holiday
jordan,2012,6 Apr,Friday,Good Friday,Observance
jordan,2012,8 Apr,Sunday,Easter Sunday,Observance
jordan,2012,9 Apr,Monday,Easter Monday,Observance
jordan,2012,13 Apr,Friday,Orthodox Good Friday,Observance
jordan,2012,15 Apr,Sunday,Orthodox Easter Day,Optional Holiday
jordan,2012,16 Apr,Monday,Orthodox Easter Monday,Optional Holiday
jordan,2012,1 May,Tuesday,Labour Day,National holiday
jordan,2012,25 May,Friday,Independence Day,National holiday
jordan,2012,17 Jun,Sunday,Al Isra' wal Miraj,Observance
jordan,2012,21 Jun,Thursday,June Solstice,Season
jordan,2012,20 Jul,Friday,Ramadan begins,Observance
jordan,2012,19 Aug,Sunday,Eid al-Fitr,National holiday
jordan,2012,22 Sep,Saturday,September Equinox,Season
jordan,2012,25 Oct,Thursday,Eid al-Adha,National holiday
jordan,2012,15 Nov,Thursday,Muharram/New Year,National holiday
jordan,2012,21 Dec,Friday,December Solstice,Season
jordan,2012,25 Dec,Tuesday,Christmas Day,National holiday
jordan,2012,26 Dec,Wednesday,Boxing Day,Optional Holiday
jordan,2013,1 Jan,Tuesday,New Year's Day,National holiday
jordan,2013,24 Jan,Thursday,Prophet's Birthday,National holiday
jordan,2013,20 Mar,Wednesday,March Equinox,Season
jordan,2013,24 Mar,Sunday,Palm Sunday,Optional Holiday
jordan,2013,29 Mar,Friday,Good Friday,Observance
jordan,2013,31 Mar,Sunday,Easter Sunday,Observance
jordan,2013,1 Apr,Monday,Easter Monday,Observance
jordan,2013,1 May,Wednesday,Labour Day,National holiday
jordan,2013,3 May,Friday,Orthodox Good Friday,Observance
jordan,2013,5 May,Sunday,Orthodox Easter Day,Optional Holiday
jordan,2013,6 May,Monday,Orthodox Easter Monday,Optional Holiday
jordan,2013,25 May,Saturday,Independence Day,National holiday
jordan,2013,5 Jun,Wednesday,Al Isra' wal Miraj,Observance
jordan,2013,21 Jun,Friday,June Solstice,Season
jordan,2013,9 Jul,Tuesday,Ramadan begins,Observance
jordan,2013,8 Aug,Thursday,Eid al-Fitr,National holiday
jordan,2013,22 Sep,Sunday,September Equinox,Season
jordan,2013,15 Oct,Tuesday,Eid al-Adha,National holiday
jordan,2013,7 Nov,Thursday,Muharram/New Year,National holiday
jordan,2013,12 Dec,Thursday,One-off Public Holiday,National holiday
jordan,2013,21 Dec,Saturday,December Solstice,Season
jordan,2013,25 Dec,Wednesday,Christmas Day,National holiday
jordan,2013,26 Dec,Thursday,Boxing Day,Optional Holiday
jordan,2014,1 Jan,Wednesday,New Year's Day,National holiday
jordan,2014,13 Jan,Monday,Prophet's Birthday,National holiday
jordan,2014,20 Mar,Thursday,March Equinox,Season
jordan,2014,13 Apr,Sunday,Palm Sunday,Optional Holiday
jordan,2014,18 Apr,Friday,Orthodox Good Friday,Observance
jordan,2014,18 Apr,Friday,Good Friday,Observance
jordan,2014,20 Apr,Sunday,Easter Sunday,Observance
jordan,2014,20 Apr,Sunday,Orthodox Easter Day,Optional Holiday
jordan,2014,21 Apr,Monday,Easter Monday,Observance
jordan,2014,21 Apr,Monday,Orthodox Easter Monday,Optional Holiday
jordan,2014,1 May,Thursday,Labour Day,National holiday
jordan,2014,25 May,Sunday,Independence Day,National holiday
jordan,2014,26 May,Monday,Al Isra' wal Miraj,Observance
jordan,2014,21 Jun,Saturday,June Solstice,Season
jordan,2014,29 Jun,Sunday,Ramadan begins,Observance
jordan,2014,28 Jul,Monday,Eid al-Fitr,National holiday
jordan,2014,29 Jul,Tuesday,Eid al-Fitr holiday,National holiday
jordan,2014,30 Jul,Wednesday,Eid al-Fitr holiday,National holiday
jordan,2014,31 Jul,Thursday,Eid al-Fitr holiday,National holiday
jordan,2014,23 Sep,Tuesday,September Equinox,Season
jordan,2014,3 Oct,Friday,Eid al-Adha,National holiday
jordan,2014,4 Oct,Saturday,Eid al-Adha holiday,National holiday
jordan,2014,5 Oct,Sunday,Eid al-Adha holiday,National holiday
jordan,2014,6 Oct,Monday,Eid al-Adha holiday,National holiday
jordan,2014,7 Oct,Tuesday,Eid al-Adha holiday,National holiday
jordan,2014,25 Oct,Saturday,Muharram/New Year,National holiday
jordan,2014,22 Dec,Monday,December Solstice,Season
jordan,2014,25 Dec,Thursday,Christmas Day,National holiday
jordan,2014,26 Dec,Friday,Boxing Day,Optional Holiday
jordan,2015,1 Jan,Thursday,New Year's Day,National holiday
jordan,2015,3 Jan,Saturday,Prophet's Birthday,National holiday
jordan,2015,7 Jan,Wednesday,One-off Public Holiday,National holiday
jordan,2015,8 Jan,Thursday,One-off Public Holiday,National holiday
jordan,2015,10 Jan,Saturday,One-off Public Holiday,National holiday
jordan,2015,19 Feb,Thursday,One-off Public Holiday,National holiday
jordan,2015,21 Mar,Saturday,March Equinox,Season
jordan,2015,29 Mar,Sunday,Palm Sunday,Optional Holiday
jordan,2015,3 Apr,Friday,Good Friday,Observance
jordan,2015,5 Apr,Sunday,Easter Sunday,Observance
jordan,2015,6 Apr,Monday,Easter Monday,Observance
jordan,2015,10 Apr,Friday,Orthodox Good Friday,Observance
jordan,2015,12 Apr,Sunday,Orthodox Easter Day,Optional Holiday
jordan,2015,13 Apr,Monday,Orthodox Easter Monday,Optional Holiday
jordan,2015,1 May,Friday,Labour Day,National holiday
jordan,2015,15 May,Friday,Al Isra' wal Miraj,Observance
jordan,2015,25 May,Monday,Independence Day,National holiday
jordan,2015,18 Jun,Thursday,Ramadan begins,Observance
jordan,2015,21 Jun,Sunday,June Solstice,Season
jordan,2015,17 Jul,Friday,Eid al-Fitr holiday,National holiday
jordan,2015,18 Jul,Saturday,Eid al-Fitr,National holiday
jordan,2015,19 Jul,Sunday,Eid al-Fitr holiday,National holiday
jordan,2015,20 Jul,Monday,Eid al-Fitr holiday,National holiday
jordan,2015,23 Sep,Wednesday,Eid al-Adha,National holiday
jordan,2015,23 Sep,Wednesday,September Equinox,Season
jordan,2015,24 Sep,Thursday,Eid al-Adha holiday,National holiday
jordan,2015,25 Sep,Friday,Eid al-Adha holiday,National holiday
jordan,2015,26 Sep,Saturday,Eid al-Adha holiday,National holiday
jordan,2015,27 Sep,Sunday,Eid al-Adha holiday,National holiday
jordan,2015,15 Oct,Thursday,Muharram/New Year,National holiday
jordan,2015,30 Nov,Monday,Extra Census Holiday,National holiday
jordan,2015,22 Dec,Tuesday,December Solstice,Season
jordan,2015,24 Dec,Thursday,Prophet's Birthday,National holiday
jordan,2015,25 Dec,Friday,Christmas Day,National holiday
jordan,2015,26 Dec,Saturday,Boxing Day,Optional Holiday
jordan,2016,1 Jan,Friday,New Year's Day,National holiday
jordan,2016,20 Mar,Sunday,Palm Sunday,Optional Holiday
jordan,2016,20 Mar,Sunday,March Equinox,Season
jordan,2016,25 Mar,Friday,Good Friday,Observance
jordan,2016,27 Mar,Sunday,Easter Sunday,Observance
jordan,2016,28 Mar,Monday,Easter Monday,Observance
jordan,2016,29 Apr,Friday,Orthodox Good Friday,Observance
jordan,2016,1 May,Sunday,Labour Day,National holiday
jordan,2016,1 May,Sunday,Orthodox Easter Day,Optional Holiday
jordan,2016,2 May,Monday,Orthodox Easter Monday,Optional Holiday
jordan,2016,4 May,Wednesday,Al Isra' wal Miraj,Observance
jordan,2016,25 May,Wednesday,Independence Day,National holiday
jordan,2016,7 Jun,Tuesday,Ramadan begins,Observance
jordan,2016,21 Jun,Tuesday,June Solstice,Season
jordan,2016,7 Jul,Thursday,Eid al-Fitr,National holiday
jordan,2016,8 Jul,Friday,Eid al-Fitr holiday,National holiday
jordan,2016,9 Jul,Saturday,Eid al-Fitr holiday,National holiday
jordan,2016,10 Jul,Sunday,Eid al-Fitr holiday,National holiday
jordan,2016,13 Sep,Tuesday,Eid al-Adha,National holiday
jordan,2016,14 Sep,Wednesday,Eid al-Adha holiday,National holiday
jordan,2016,15 Sep,Thursday,Eid al-Adha holiday,National holiday
jordan,2016,16 Sep,Friday,Eid al-Adha holiday,National holiday
jordan,2016,22 Sep,Thursday,September Equinox,Season
jordan,2016,3 Oct,Monday,Muharram/New Year,National holiday
jordan,2016,12 Dec,Monday,Prophet's Birthday,National holiday
jordan,2016,21 Dec,Wednesday,December Solstice,Season
jordan,2016,25 Dec,Sunday,Christmas Day,National holiday
jordan,2016,26 Dec,Monday,Boxing Day,Optional Holiday
jordan,2017,1 Jan,Sunday,New Year's Day,National holiday
jordan,2017,20 Mar,Monday,March Equinox,Season
jordan,2017,9 Apr,Sunday,Palm Sunday,Optional Holiday
jordan,2017,14 Apr,Friday,Orthodox Good Friday,Observance
jordan,2017,14 Apr,Friday,Good Friday,Observance
jordan,2017,16 Apr,Sunday,Easter Sunday,Observance
jordan,2017,16 Apr,Sunday,Orthodox Easter Day,Optional Holiday
jordan,2017,17 Apr,Monday,Easter Monday,National holiday
jordan,2017,17 Apr,Monday,Orthodox Easter Monday,Optional Holiday
jordan,2017,23 Apr,Sunday,Al Isra' wal Miraj,Observance
jordan,2017,1 May,Monday,Labour Day,National holiday
jordan,2017,25 May,Thursday,Independence Day,National holiday
jordan,2017,27 May,Saturday,Ramadan begins,Observance
jordan,2017,21 Jun,Wednesday,June Solstice,Season
jordan,2017,26 Jun,Monday,Eid al-Fitr,National holiday
jordan,2017,27 Jun,Tuesday,Eid al-Fitr holiday,National holiday
jordan,2017,28 Jun,Wednesday,Eid al-Fitr holiday,National holiday
jordan,2017,29 Jun,Thursday,Eid al-Fitr holiday,National holiday
jordan,2017,2 Sep,Saturday,Eid al-Adha,National holiday
jordan,2017,3 Sep,Sunday,Eid al-Adha holiday,National holiday
jordan,2017,4 Sep,Monday,Eid al-Adha holiday,National holiday
jordan,2017,5 Sep,Tuesday,Eid al-Adha holiday,National holiday
jordan,2017,22 Sep,Friday,Muharram/New Year,National holiday
jordan,2017,22 Sep,Friday,September Equinox,Season
jordan,2017,1 Dec,Friday,Prophet's Birthday,National holiday
jordan,2017,21 Dec,Thursday,December Solstice,Season
jordan,2017,25 Dec,Monday,Christmas Day,National holiday
jordan,2017,26 Dec,Tuesday,Boxing Day,Optional Holiday
jordan,2018,1 Jan,Monday,New Year's Day,National holiday
jordan,2018,20 Mar,Tuesday,March Equinox,Season
jordan,2018,25 Mar,Sunday,Palm Sunday,Optional Holiday
jordan,2018,30 Mar,Friday,Good Friday,Observance
jordan,2018,1 Apr,Sunday,Easter Sunday,Observance
jordan,2018,2 Apr,Monday,Easter Monday,Observance
jordan,2018,6 Apr,Friday,Orthodox Good Friday,Observance
jordan,2018,8 Apr,Sunday,Orthodox Easter Day,Optional Holiday
jordan,2018,9 Apr,Monday,Orthodox Easter Monday,Optional Holiday
jordan,2018,12 Apr,Thursday,Al Isra' wal Miraj,Observance
jordan,2018,1 May,Tuesday,Labour Day,National holiday
jordan,2018,16 May,Wednesday,Ramadan begins,Observance
jordan,2018,25 May,Friday,Independence Day,National holiday
jordan,2018,15 Jun,Friday,Eid al-Fitr,National holiday
jordan,2018,16 Jun,Saturday,Eid al-Fitr holiday,National holiday
jordan,2018,17 Jun,Sunday,Eid al-Fitr holiday,National holiday
jordan,2018,18 Jun,Monday,Eid al-Fitr holiday,National holiday
jordan,2018,21 Jun,Thursday,June Solstice,Season
jordan,2018,20 Aug,Monday,Eid al-Adha,National holiday
jordan,2018,21 Aug,Tuesday,Eid al-Adha holiday,National holiday
jordan,2018,22 Aug,Wednesday,Eid al-Adha holiday,National holiday
jordan,2018,23 Aug,Thursday,Eid al-Adha holiday,National holiday
jordan,2018,24 Aug,Friday,Eid al-Adha holiday,National holiday
jordan,2018,12 Sep,Wednesday,Muharram/New Year,National holiday
jordan,2018,23 Sep,Sunday,September Equinox,Season
jordan,2018,21 Nov,Wednesday,Prophet's Birthday,National holiday
jordan,2018,22 Dec,Saturday,December Solstice,Season
jordan,2018,25 Dec,Tuesday,Christmas Day,National holiday
jordan,2018,26 Dec,Wednesday,Boxing Day,Optional Holiday
jordan,2019,1 Jan,Tuesday,New Year's Day,National holiday
jordan,2019,20 Mar,Wednesday,March Equinox,Season
jordan,2019,2 Apr,Tuesday,Al Isra' wal Miraj,Observance
jordan,2019,14 Apr,Sunday,Palm Sunday,Optional Holiday
jordan,2019,19 Apr,Friday,Good Friday,Observance
jordan,2019,21 Apr,Sunday,Easter Sunday,Observance
jordan,2019,22 Apr,Monday,Easter Monday,Observance
jordan,2019,26 Apr,Friday,Orthodox Good Friday,Observance
jordan,2019,28 Apr,Sunday,Orthodox Easter Day,Optional Holiday
jordan,2019,29 Apr,Monday,Orthodox Easter Monday,Optional Holiday
jordan,2019,1 May,Wednesday,Labour Day,National holiday
jordan,2019,6 May,Monday,Ramadan begins,Observance
jordan,2019,25 May,Saturday,Independence Day,National holiday
jordan,2019,4 Jun,Tuesday,Eid al-Fitr,National holiday
jordan,2019,5 Jun,Wednesday,Eid al-Fitr holiday,National holiday
jordan,2019,6 Jun,Thursday,Eid al-Fitr holiday,National holiday
jordan,2019,7 Jun,Friday,Eid al-Fitr holiday,National holiday
jordan,2019,9 Jun,Sunday,20th Anniversary of King Abdullah’s Coronation,National holiday
jordan,2019,21 Jun,Friday,June Solstice,Season
jordan,2019,10 Aug,Saturday,Arafah,National holiday
jordan,2019,11 Aug,Sunday,Eid al-Adha,National holiday
jordan,2019,12 Aug,Monday,Eid al-Adha holiday,National holiday
jordan,2019,13 Aug,Tuesday,Eid al-Adha holiday,National holiday
jordan,2019,14 Aug,Wednesday,Eid al-Adha holiday,National holiday
jordan,2019,31 Aug,Saturday,Muharram/New Year,National holiday
jordan,2019,23 Sep,Monday,September Equinox,Season
jordan,2019,9 Nov,Saturday,Prophet's Birthday,National holiday
jordan,2019,22 Dec,Sunday,December Solstice,Season
jordan,2019,25 Dec,Wednesday,Christmas Day,National holiday
jordan,2019,26 Dec,Thursday,Boxing Day,Optional Holiday
jordan,2020,1 Jan,Wednesday,New Year's Day,National holiday
jordan,2020,20 Mar,Friday,March Equinox,Season
jordan,2020,21 Mar,Saturday,Al Isra' wal Miraj,Observance
jordan,2020,1 Apr,Wednesday,Public Holiday,Work Suspension (COVID-19)
jordan,2020,2 Apr,Thursday,Public Holiday,Work Suspension (COVID-19)
jordan,2020,3 Apr,Friday,Public Holiday,Work Suspension (COVID-19)
jordan,2020,4 Apr,Saturday,Public Holiday,Work Suspension (COVID-19)
jordan,2020,5 Apr,Sunday,Palm Sunday,Optional Holiday
jordan,2020,5 Apr,Sunday,Public Holiday,Work Suspension (COVID-19)
jordan,2020,6 Apr,Monday,Public Holiday,Work Suspension (COVID-19)
jordan,2020,7 Apr,Tuesday,Public Holiday,Work Suspension (COVID-19)
jordan,2020,8 Apr,Wednesday,Public Holiday,Work Suspension (COVID-19)
jordan,2020,9 Apr,Thursday,Public Holiday,Work Suspension (COVID-19)
jordan,2020,10 Apr,Friday,Good Friday,Observance
jordan,2020,10 Apr,Friday,Public Holiday,Work Suspension (COVID-19)
jordan,2020,11 Apr,Saturday,Public Holiday,Work Suspension (COVID-19)
jordan,2020,12 Apr,Sunday,Easter Sunday,Observance
jordan,2020,12 Apr,Sunday,Public Holiday,Work Suspension (COVID-19)
jordan,2020,13 Apr,Monday,Easter Monday,Observance
jordan,2020,13 Apr,Monday,Public Holiday,Work Suspension (COVID-19)
jordan,2020,14 Apr,Tuesday,Public Holiday,Work Suspension (COVID-19)
jordan,2020,15 Apr,Wednesday,Public Holiday,Work Suspension (COVID-19)
jordan,2020,16 Apr,Thursday,Public Holiday,Work Suspension (COVID-19)
jordan,2020,17 Apr,Friday,Orthodox Good Friday,Observance
jordan,2020,17 Apr,Friday,Public Holiday,Work Suspension (COVID-19)
jordan,2020,18 Apr,Saturday,Public Holiday,Work Suspension (COVID-19)
jordan,2020,19 Apr,Sunday,Orthodox Easter Day,Optional Holiday
jordan,2020,19 Apr,Sunday,Public Holiday,Work Suspension (COVID-19)
jordan,2020,20 Apr,Monday,Orthodox Easter Monday,Optional Holiday
jordan,2020,20 Apr,Monday,Public Holiday,Work Suspension (COVID-19)
jordan,2020,21 Apr,Tuesday,Public Holiday,Work Suspension (COVID-19)
jordan,2020,22 Apr,Wednesday,Public Holiday,Work Suspension (COVID-19)
jordan,2020,23 Apr,Thursday,Public Holiday,Work Suspension (COVID-19)
jordan,2020,24 Apr,Friday,Public Holiday,Work Suspension (COVID-19)
jordan,2020,24 Apr,Friday,Ramadan begins,Observance
jordan,2020,25 Apr,Saturday,Public Holiday,Work Suspension (COVID-19)
jordan,2020,26 Apr,Sunday,Public Holiday,Work Suspension (COVID-19)
jordan,2020,27 Apr,Monday,Public Holiday,Work Suspension (COVID-19)
jordan,2020,28 Apr,Tuesday,Public Holiday,Work Suspension (COVID-19)
jordan,2020,29 Apr,Wednesday,Public Holiday,Work Suspension (COVID-19)
jordan,2020,30 Apr,Thursday,Public Holiday,Work Suspension (COVID-19)
jordan,2020,1 May,Friday,Labour Day,National holiday
jordan,2020,1 May,Friday,Public Holiday,Work Suspension (COVID-19)
jordan,2020,2 May,Saturday,Public Holiday,Work Suspension (COVID-19)
jordan,2020,3 May,Sunday,Public Holiday,Work Suspension (COVID-19)
jordan,2020,4 May,Monday,Public Holiday,Work Suspension (COVID-19)
jordan,2020,5 May,Tuesday,Public Holiday,Work Suspension (COVID-19)
jordan,2020,6 May,Wednesday,Public Holiday,Work Suspension (COVID-19)
jordan,2020,7 May,Thursday,Public Holiday,Work Suspension (COVID-19)
jordan,2020,8 May,Friday,Public Holiday,Work Suspension (COVID-19)
jordan,2020,9 May,Saturday,Public Holiday,Work Suspension (COVID-19)
jordan,2020,10 May,Sunday,Public Holiday,Work Suspension (COVID-19)
jordan,2020,11 May,Monday,Public Holiday,Work Suspension (COVID-19)
jordan,2020,12 May,Tuesday,Public Holiday,Work Suspension (COVID-19)
jordan,2020,13 May,Wednesday,Public Holiday,Work Suspension (COVID-19)
jordan,2020,14 May,Thursday,Public Holiday,Work Suspension (COVID-19)
jordan,2020,15 May,Friday,Public Holiday,Work Suspension (COVID-19)
jordan,2020,16 May,Saturday,Public Holiday,Work Suspension (COVID-19)
jordan,2020,17 May,Sunday,Public Holiday,Work Suspension (COVID-19)
jordan,2020,18 May,Monday,Public Holiday,Work Suspension (COVID-19)
jordan,2020,19 May,Tuesday,Public Holiday,Work Suspension (COVID-19)
jordan,2020,20 May,Wednesday,Public Holiday,Work Suspension (COVID-19)
jordan,2020,21 May,Thursday,Public Holiday,Work Suspension (COVID-19)
jordan,2020,22 May,Friday,Public Holiday,Work Suspension (COVID-19)
jordan,2020,23 May,Saturday,Public Holiday,Work Suspension (COVID-19)
jordan,2020,24 May,Sunday,Eid al-Fitr,National holiday
jordan,2020,24 May,Sunday,Public Holiday (Tentative Date),Work Suspension (COVID-19)
jordan,2020,25 May,Monday,Independence Day,National holiday
jordan,2020,25 May,Monday,Eid al-Fitr holiday,National holiday
jordan,2020,26 May,Tuesday,Eid al-Fitr holiday,National holiday
jordan,2020,27 May,Wednesday,Eid al-Fitr holiday,National holiday
jordan,2020,21 Jun,Sunday,June Solstice,Season
jordan,2020,30 Jul,Thursday,Arafah,National holiday
jordan,2020,31 Jul,Friday,Eid al-Adha,National holiday
jordan,2020,1 Aug,Saturday,Eid al-Adha holiday,National holiday
jordan,2020,2 Aug,Sunday,Eid al-Adha holiday,National holiday
jordan,2020,3 Aug,Monday,Eid al-Adha holiday,National holiday
jordan,2020,20 Aug,Thursday,Muharram/New Year,National holiday
jordan,2020,22 Sep,Tuesday,September Equinox,Season
jordan,2020,29 Oct,Thursday,Prophet's Birthday,National holiday
jordan,2020,10 Nov,Tuesday,Election Day Holiday,National holiday
jordan,2020,21 Dec,Monday,December Solstice,Season
jordan,2020,25 Dec,Friday,Christmas Day,National holiday
jordan,2020,26 Dec,Saturday,Boxing Day,Optional Holiday
jordan,2021,1 Jan,Friday,New Year's Day,National holiday
jordan,2021,18 Feb,Thursday,Public Holiday (Bad Weather),National holiday
jordan,2021,11 Mar,Thursday,Al Isra' wal Miraj,Observance
jordan,2021,20 Mar,Saturday,March Equinox,Season
jordan,2021,28 Mar,Sunday,Palm Sunday,Optional Holiday
jordan,2021,2 Apr,Friday,Good Friday,Observance
jordan,2021,4 Apr,Sunday,Easter Sunday,Observance
jordan,2021,5 Apr,Monday,Easter Monday,Observance
jordan,2021,11 Apr,Sunday,Centenary Celebration Holiday,National holiday
jordan,2021,13 Apr,Tuesday,Ramadan begins,Observance
jordan,2021,30 Apr,Friday,Orthodox Good Friday,Observance
jordan,2021,1 May,Saturday,Labour Day,National holiday
jordan,2021,2 May,Sunday,Orthodox Easter Day,Optional Holiday
jordan,2021,3 May,Monday,Orthodox Easter Monday,Optional Holiday
jordan,2021,11 May,Tuesday,Eid al-Fitr holiday,Government Holiday
jordan,2021,12 May,Wednesday,Eid al-Fitr holiday,Government Holiday
jordan,2021,13 May,Thursday,Eid al-Fitr,National holiday
jordan,2021,14 May,Friday,Eid al-Fitr holiday,National holiday
jordan,2021,15 May,Saturday,Eid al-Fitr holiday,National holiday
jordan,2021,25 May,Tuesday,Independence Day,National holiday
jordan,2021,21 Jun,Monday,June Solstice,Season
jordan,2021,19 Jul,Monday,Arafah,National holiday
jordan,2021,20 Jul,Tuesday,Eid al-Adha,National holiday
jordan,2021,21 Jul,Wednesday,Eid al-Adha holiday,National holiday
jordan,2021,22 Jul,Thursday,Eid al-Adha holiday,National holiday
jordan,2021,23 Jul,Friday,Eid al-Adha holiday,National holiday
jordan,2021,10 Aug,Tuesday,Muharram/New Year,National holiday
jordan,2021,22 Sep,Wednesday,September Equinox,Season
jordan,2021,19 Oct,Tuesday,Prophet's Birthday,National holiday
jordan,2021,21 Dec,Tuesday,December Solstice,Season
jordan,2021,25 Dec,Saturday,Christmas Day,National holiday
jordan,2021,26 Dec,Sunday,Boxing Day,Optional Holiday
jordan,2022,1 Jan,Saturday,New Year's Day,National holiday
jordan,2022,28 Feb,Monday,Al Isra' wal Miraj,Observance
jordan,2022,20 Mar,Sunday,March Equinox,Season
jordan,2022,22 Mar,Tuesday,Local and Provincial Election Day Holiday,National holiday
jordan,2022,3 Apr,Sunday,Ramadan begins,Observance
jordan,2022,10 Apr,Sunday,Palm Sunday,Optional Holiday
jordan,2022,15 Apr,Friday,Good Friday,Observance
jordan,2022,17 Apr,Sunday,Easter Sunday,Observance
jordan,2022,18 Apr,Monday,Easter Monday,Observance
jordan,2022,22 Apr,Friday,Orthodox Good Friday,Observance
jordan,2022,24 Apr,Sunday,Orthodox Easter Day,Optional Holiday
jordan,2022,25 Apr,Monday,Orthodox Easter Monday,Optional Holiday
jordan,2022,1 May,Sunday,Labour Day,National holiday
jordan,2022,2 May,Monday,Eid al-Fitr,National holiday
jordan,2022,3 May,Tuesday,Eid al-Fitr holiday,National holiday
jordan,2022,4 May,Wednesday,Eid al-Fitr holiday,National holiday
jordan,2022,5 May,Thursday,Eid al-Fitr holiday,National holiday
jordan,2022,25 May,Wednesday,Independence Day (From 2pm),National holiday
jordan,2022,26 May,Thursday,Independence Day Holiday,National holiday
jordan,2022,21 Jun,Tuesday,June Solstice,Season
jordan,2022,8 Jul,Friday,Arafah,National holiday
jordan,2022,9 Jul,Saturday,Eid al-Adha,National holiday
jordan,2022,10 Jul,Sunday,Eid al-Adha holiday,National holiday
jordan,2022,11 Jul,Monday,Eid al-Adha holiday,National holiday
jordan,2022,12 Jul,Tuesday,Eid al-Adha holiday,National holiday
jordan,2022,30 Jul,Saturday,Muharram/New Year,National holiday
jordan,2022,23 Sep,Friday,September Equinox,Season
jordan,2022,8 Oct,Saturday,Prophet's Birthday,National holiday
jordan,2022,22 Dec,Thursday,December Solstice,Season
jordan,2022,25 Dec,Sunday,Christmas Day,National holiday
jordan,2022,26 Dec,Monday,Boxing Day,Optional Holiday
jordan,2023,1 Jan,Sunday,New Year's Day,National holiday
jordan,2023,18 Feb,Saturday,Al Isra' wal Miraj,Observance
jordan,2023,21 Mar,Tuesday,March Equinox,Season
jordan,2023,23 Mar,Thursday,Ramadan begins,Observance
jordan,2023,2 Apr,Sunday,Palm Sunday,Optional Holiday
jordan,2023,7 Apr,Friday,Good Friday,Observance
jordan,2023,9 Apr,Sunday,Easter Sunday,Observance
jordan,2023,10 Apr,Monday,Easter Monday,Observance
jordan,2023,14 Apr,Friday,Orthodox Good Friday,Observance
jordan,2023,16 Apr,Sunday,Orthodox Easter Day,Optional Holiday
jordan,2023,17 Apr,Monday,Orthodox Easter Monday,Optional Holiday
jordan,2023,21 Apr,Friday,Eid al-Fitr,National holiday
jordan,2023,22 Apr,Saturday,Eid al-Fitr holiday,National holiday
jordan,2023,23 Apr,Sunday,Eid al-Fitr holiday,National holiday
jordan,2023,24 Apr,Monday,Eid al-Fitr holiday,National holiday
jordan,2023,1 May,Monday,Labour Day,National holiday
jordan,2023,25 May,Thursday,Independence Day,National holiday
jordan,2023,31 May,Wednesday,Royal Wedding Half Day Holiday,National holiday
jordan,2023,1 Jun,Thursday,Royal Wedding Holiday,National holiday
jordan,2023,21 Jun,Wednesday,June Solstice,Season
jordan,2023,27 Jun,Tuesday,Arafah,National holiday
jordan,2023,28 Jun,Wednesday,Eid al-Adha,National holiday
jordan,2023,29 Jun,Thursday,Eid al-Adha holiday,National holiday
jordan,2023,30 Jun,Friday,Eid al-Adha holiday,National holiday
jordan,2023,1 Jul,Saturday,Eid al-Adha holiday,National holiday
jordan,2023,19 Jul,Wednesday,Muharram/New Year,National holiday
jordan,2023,23 Sep,Saturday,September Equinox,Season
jordan,2023,27 Sep,Wednesday,Prophet's Birthday,National holiday
jordan,2023,22 Dec,Friday,December Solstice,Season
jordan,2023,25 Dec,Monday,Christmas Day,National holiday
jordan,2023,26 Dec,Tuesday,Boxing Day,Optional Holiday
jordan,2024,1 Jan,Monday,New Year's Day,National holiday
jordan,2024,8 Feb,Thursday,Al Isra' wal Miraj,Observance
jordan,2024,12 Mar,Tuesday,Ramadan begins,Observance
jordan,2024,20 Mar,Wednesday,March Equinox,Season
jordan,2024,24 Mar,Sunday,Palm Sunday,Optional Holiday
jordan,2024,29 Mar,Friday,Good Friday,Observance
jordan,2024,31 Mar,Sunday,Easter Sunday,Observance
jordan,2024,1 Apr,Monday,Easter Monday,Observance
jordan,2024,10 Apr,Wednesday,Eid al-Fitr (Tentative Date),National holiday
jordan,2024,11 Apr,Thursday,Eid al-Fitr holiday (Tentative Date),National holiday
jordan,2024,12 Apr,Friday,Eid al-Fitr holiday (Tentative Date),National holiday
jordan,2024,13 Apr,Saturday,Eid al-Fitr holiday (Tentative Date),National holiday
jordan,2024,1 May,Wednesday,Labour Day,National holiday
jordan,2024,3 May,Friday,Orthodox Good Friday,Observance
jordan,2024,5 May,Sunday,Orthodox Easter Day,Optional Holiday
jordan,2024,6 May,Monday,Orthodox Easter Monday,Optional Holiday
jordan,2024,25 May,Saturday,Independence Day,National holiday
jordan,2024,15 Jun,Saturday,Arafah (Tentative Date),National holiday
jordan,2024,16 Jun,Sunday,Eid al-Adha (Tentative Date),National holiday
jordan,2024,17 Jun,Monday,Eid al-Adha holiday (Tentative Date),National holiday
jordan,2024,18 Jun,Tuesday,Eid al-Adha holiday (Tentative Date),National holiday
jordan,2024,19 Jun,Wednesday,Eid al-Adha holiday (Tentative Date),National holiday
jordan,2024,20 Jun,Thursday,June Solstice,Season
jordan,2024,7 Jul,Sunday,Muharram/New Year (Tentative Date),National holiday
jordan,2024,15 Sep,Sunday,Prophet's Birthday (Tentative Date),National holiday
jordan,2024,22 Sep,Sunday,September Equinox,Season
jordan,2024,21 Dec,Saturday,December Solstice,Season
jordan,2024,25 Dec,Wednesday,Christmas Day,National holiday
jordan,2024,26 Dec,Thursday,Boxing Day,Optional Holiday
jordan,2025,1 Jan,Wednesday,New Year's Day,National holiday
jordan,2025,26 Jan,Sunday,Al Isra' wal Miraj (Tentative Date),Observance
jordan,2025,1 Mar,Saturday,Ramadan begins (Tentative Date),Observance
jordan,2025,20 Mar,Thursday,March Equinox,Season
jordan,2025,30 Mar,Sunday,Eid al-Fitr (Tentative Date),National holiday
jordan,2025,31 Mar,Monday,Eid al-Fitr holiday (Tentative Date),National holiday
jordan,2025,1 Apr,Tuesday,Eid al-Fitr holiday (Tentative Date),National holiday
jordan,2025,2 Apr,Wednesday,Eid al-Fitr holiday (Tentative Date),National holiday
jordan,2025,13 Apr,Sunday,Palm Sunday,Optional Holiday
jordan,2025,18 Apr,Friday,Orthodox Good Friday,Observance
jordan,2025,18 Apr,Friday,Good Friday,Observance
jordan,2025,20 Apr,Sunday,Easter Sunday,Observance
jordan,2025,20 Apr,Sunday,Orthodox Easter Day,Optional Holiday
jordan,2025,21 Apr,Monday,Easter Monday,Observance
jordan,2025,21 Apr,Monday,Orthodox Easter Monday,Optional Holiday
jordan,2025,1 May,Thursday,Labour Day,National holiday
jordan,2025,25 May,Sunday,Independence Day,National holiday
jordan,2025,5 Jun,Thursday,Arafah (Tentative Date),National holiday
jordan,2025,6 Jun,Friday,Eid al-Adha (Tentative Date),National holiday
jordan,2025,7 Jun,Saturday,Eid al-Adha holiday (Tentative Date),National holiday
jordan,2025,8 Jun,Sunday,Eid al-Adha holiday (Tentative Date),National holiday
jordan,2025,9 Jun,Monday,Eid al-Adha holiday (Tentative Date),National holiday
jordan,2025,21 Jun,Saturday,June Solstice,Season
jordan,2025,26 Jun,Thursday,Muharram/New Year (Tentative Date),National holiday
jordan,2025,4 Sep,Thursday,Prophet's Birthday (Tentative Date),National holiday
jordan,2025,22 Sep,Monday,September Equinox,Season
jordan,2025,21 Dec,Sunday,December Solstice,Season
jordan,2025,25 Dec,Thursday,Christmas Day,National holiday
jordan,2025,26 Dec,Friday,Boxing Day,Optional Holiday
jordan,2026,1 Jan,Thursday,New Year's Day,National holiday
jordan,2026,15 Jan,Thursday,Al Isra' wal Miraj (Tentative Date),Observance
jordan,2026,19 Feb,Thursday,Ramadan begins (Tentative Date),Observance
jordan,2026,20 Mar,Friday,Eid al-Fitr (Tentative Date),National holiday
jordan,2026,20 Mar,Friday,March Equinox,Season
jordan,2026,21 Mar,Saturday,Eid al-Fitr holiday (Tentative Date),National holiday
jordan,2026,22 Mar,Sunday,Eid al-Fitr holiday (Tentative Date),National holiday
jordan,2026,23 Mar,Monday,Eid al-Fitr holiday (Tentative Date),National holiday
jordan,2026,29 Mar,Sunday,Palm Sunday,Optional Holiday
jordan,2026,3 Apr,Friday,Good Friday,Observance
jordan,2026,5 Apr,Sunday,Easter Sunday,Observance
jordan,2026,6 Apr,Monday,Easter Monday,Observance
jordan,2026,10 Apr,Friday,Orthodox Good Friday,Observance
jordan,2026,12 Apr,Sunday,Orthodox Easter Day,Optional Holiday
jordan,2026,13 Apr,Monday,Orthodox Easter Monday,Optional Holiday
jordan,2026,1 May,Friday,Labour Day,National holiday
jordan,2026,25 May,Monday,Independence Day,National holiday
jordan,2026,26 May,Tuesday,Arafah (Tentative Date),National holiday
jordan,2026,27 May,Wednesday,Eid al-Adha (Tentative Date),National holiday
jordan,2026,28 May,Thursday,Eid al-Adha holiday (Tentative Date),National holiday
jordan,2026,29 May,Friday,Eid al-Adha holiday (Tentative Date),National holiday
jordan,2026,30 May,Saturday,Eid al-Adha holiday (Tentative Date),National holiday
jordan,2026,16 Jun,Tuesday,Muharram/New Year (Tentative Date),National holiday
jordan,2026,21 Jun,Sunday,June Solstice,Season
jordan,2026,25 Aug,Tuesday,Prophet's Birthday (Tentative Date),National holiday
jordan,2026,23 Sep,Wednesday,September Equinox,Season
jordan,2026,21 Dec,Monday,December Solstice,Season
jordan,2026,25 Dec,Friday,Christmas Day,National holiday
jordan,2026,26 Dec,Saturday,Boxing Day,Optional Holiday
jordan,2027,1 Jan,Friday,New Year's Day,National holiday
jordan,2027,4 Jan,Monday,Al Isra' wal Miraj (Tentative Date),Observance
jordan,2027,8 Feb,Monday,Ramadan begins (Tentative Date),Observance
jordan,2027,9 Mar,Tuesday,Eid al-Fitr (Tentative Date),National holiday
jordan,2027,10 Mar,Wednesday,Eid al-Fitr holiday (Tentative Date),National holiday
jordan,2027,11 Mar,Thursday,Eid al-Fitr holiday (Tentative Date),National holiday
jordan,2027,12 Mar,Friday,Eid al-Fitr holiday (Tentative Date),National holiday
jordan,2027,20 Mar,Saturday,March Equinox,Season
jordan,2027,21 Mar,Sunday,Palm Sunday,Optional Holiday
jordan,2027,26 Mar,Friday,Good Friday,Observance
jordan,2027,28 Mar,Sunday,Easter Sunday,Observance
jordan,2027,29 Mar,Monday,Easter Monday,Observance
jordan,2027,30 Apr,Friday,Orthodox Good Friday,Observance
jordan,2027,1 May,Saturday,Labour Day,National holiday
jordan,2027,2 May,Sunday,Orthodox Easter Day,Optional Holiday
jordan,2027,3 May,Monday,Orthodox Easter Monday,Optional Holiday
jordan,2027,15 May,Saturday,Arafah (Tentative Date),National holiday
jordan,2027,16 May,Sunday,Eid al-Adha (Tentative Date),National holiday
jordan,2027,17 May,Monday,Eid al-Adha holiday (Tentative Date),National holiday
jordan,2027,18 May,Tuesday,Eid al-Adha holiday (Tentative Date),National holiday
jordan,2027,19 May,Wednesday,Eid al-Adha holiday (Tentative Date),National holiday
jordan,2027,25 May,Tuesday,Independence Day,National holiday
jordan,2027,6 Jun,Sunday,Muharram/New Year (Tentative Date),National holiday
jordan,2027,21 Jun,Monday,June Solstice,Season
jordan,2027,14 Aug,Saturday,Prophet's Birthday (Tentative Date),National holiday
jordan,2027,23 Sep,Thursday,September Equinox,Season
jordan,2027,22 Dec,Wednesday,December Solstice,Season
jordan,2027,24 Dec,Friday,Al Isra' wal Miraj (Tentative Date),Observance
jordan,2027,25 Dec,Saturday,Christmas Day,National holiday
jordan,2027,26 Dec,Sunday,Boxing Day,Optional Holiday
jordan,2028,1 Jan,Saturday,New Year's Day,National holiday
jordan,2028,28 Jan,Friday,Ramadan begins (Tentative Date),Observance
jordan,2028,26 Feb,Saturday,Eid al-Fitr (Tentative Date),National holiday
jordan,2028,27 Feb,Sunday,Eid al-Fitr holiday (Tentative Date),National holiday
jordan,2028,28 Feb,Monday,Eid al-Fitr holiday (Tentative Date),National holiday
jordan,2028,29 Feb,Tuesday,Eid al-Fitr holiday (Tentative Date),National holiday
jordan,2028,20 Mar,Monday,March Equinox,Season
jordan,2028,9 Apr,Sunday,Palm Sunday,Optional Holiday
jordan,2028,14 Apr,Friday,Orthodox Good Friday,Observance
jordan,2028,14 Apr,Friday,Good Friday,Observance
jordan,2028,16 Apr,Sunday,Easter Sunday,Observance
jordan,2028,16 Apr,Sunday,Orthodox Easter Day,Optional Holiday
jordan,2028,17 Apr,Monday,Easter Monday,Observance
jordan,2028,17 Apr,Monday,Orthodox Easter Monday,Optional Holiday
jordan,2028,1 May,Monday,Labour Day,National holiday
jordan,2028,4 May,Thursday,Arafah (Tentative Date),National holiday
jordan,2028,5 May,Friday,Eid al-Adha (Tentative Date),National holiday
jordan,2028,6 May,Saturday,Eid al-Adha holiday (Tentative Date),National holiday
jordan,2028,7 May,Sunday,Eid al-Adha holiday (Tentative Date),National holiday
jordan,2028,8 May,Monday,Eid al-Adha holiday (Tentative Date),National holiday
jordan,2028,25 May,Thursday,Independence Day,National holiday
jordan,2028,25 May,Thursday,Muharram/New Year (Tentative Date),National holiday
jordan,2028,20 Jun,Tuesday,June Solstice,Season
jordan,2028,3 Aug,Thursday,Prophet's Birthday (Tentative Date),National holiday
jordan,2028,22 Sep,Friday,September Equinox,Season
jordan,2028,13 Dec,Wednesday,Al Isra' wal Miraj (Tentative Date),Observance
jordan,2028,21 Dec,Thursday,December Solstice,Season
jordan,2028,25 Dec,Monday,Christmas Day,National holiday
jordan,2028,26 Dec,Tuesday,Boxing Day,Optional Holiday
jordan,2029,1 Jan,Monday,New Year's Day,National holiday
jordan,2029,16 Jan,Tuesday,Ramadan begins (Tentative Date),Observance
jordan,2029,14 Feb,Wednesday,Eid al-Fitr (Tentative Date),National holiday
jordan,2029,15 Feb,Thursday,Eid al-Fitr holiday (Tentative Date),National holiday
jordan,2029,16 Feb,Friday,Eid al-Fitr holiday (Tentative Date),National holiday
jordan,2029,17 Feb,Saturday,Eid al-Fitr holiday (Tentative Date),National holiday
jordan,2029,20 Mar,Tuesday,March Equinox,Season
jordan,2029,25 Mar,Sunday,Palm Sunday,Optional Holiday
jordan,2029,30 Mar,Friday,Good Friday,Observance
jordan,2029,1 Apr,Sunday,Easter Sunday,Observance
jordan,2029,2 Apr,Monday,Easter Monday,Observance
jordan,2029,6 Apr,Friday,Orthodox Good Friday,Observance
jordan,2029,8 Apr,Sunday,Orthodox Easter Day,Optional Holiday
jordan,2029,9 Apr,Monday,Orthodox Easter Monday,Optional Holiday
jordan,2029,23 Apr,Monday,Arafah (Tentative Date),National holiday
jordan,2029,24 Apr,Tuesday,Eid al-Adha (Tentative Date),National holiday
jordan,2029,25 Apr,Wednesday,Eid al-Adha holiday (Tentative Date),National holiday
jordan,2029,26 Apr,Thursday,Eid al-Adha holiday (Tentative Date),National holiday
jordan,2029,27 Apr,Friday,Eid al-Adha holiday (Tentative Date),National holiday
jordan,2029,1 May,Tuesday,Labour Day,National holiday
jordan,2029,15 May,Tuesday,Muharram/New Year (Tentative Date),National holiday
jordan,2029,25 May,Friday,Independence Day,National holiday
jordan,2029,21 Jun,Thursday,June Solstice,Season
jordan,2029,24 Jul,Tuesday,Prophet's Birthday (Tentative Date),National holiday
jordan,2029,22 Sep,Saturday,September Equinox,Season
jordan,2029,2 Dec,Sunday,Al Isra' wal Miraj (Tentative Date),Observance
jordan,2029,21 Dec,Friday,December Solstice,Season
jordan,2029,25 Dec,Tuesday,Christmas Day,National holiday
jordan,2029,26 Dec,Wednesday,Boxing Day,Optional Holiday
jordan,2030,1 Jan,Tuesday,New Year's Day,National holiday
jordan,2030,5 Jan,Saturday,Ramadan begins (Tentative Date),Observance
jordan,2030,4 Feb,Monday,Eid al-Fitr (Tentative Date),National holiday
jordan,2030,5 Feb,Tuesday,Eid al-Fitr holiday (Tentative Date),National holiday
jordan,2030,6 Feb,Wednesday,Eid al-Fitr holiday (Tentative Date),National holiday
jordan,2030,7 Feb,Thursday,Eid al-Fitr holiday (Tentative Date),National holiday
jordan,2030,20 Mar,Wednesday,March Equinox,Season
jordan,2030,12 Apr,Friday,Arafah (Tentative Date),National holiday
jordan,2030,13 Apr,Saturday,Eid al-Adha (Tentative Date),National holiday
jordan,2030,14 Apr,Sunday,Palm Sunday,Optional Holiday
jordan,2030,14 Apr,Sunday,Eid al-Adha holiday (Tentative Date),National holiday
jordan,2030,15 Apr,Monday,Eid al-Adha holiday (Tentative Date),National holiday
jordan,2030,16 Apr,Tuesday,Eid al-Adha holiday (Tentative Date),National holiday
jordan,2030,19 Apr,Friday,Good Friday,Observance
jordan,2030,21 Apr,Sunday,Easter Sunday,Observance
jordan,2030,22 Apr,Monday,Easter Monday,Observance
jordan,2030,26 Apr,Friday,Orthodox Good Friday,Observance
jordan,2030,28 Apr,Sunday,Orthodox Easter Day,Optional Holiday
jordan,2030,29 Apr,Monday,Orthodox Easter Monday,Optional Holiday
jordan,2030,1 May,Wednesday,Labour Day,National holiday
jordan,2030,4 May,Saturday,Muharram/New Year (Tentative Date),National holiday
jordan,2030,25 May,Saturday,Independence Day,National holiday
jordan,2030,21 Jun,Friday,June Solstice,Season
jordan,2030,13 Jul,Saturday,Prophet's Birthday (Tentative Date),National holiday
jordan,2030,23 Sep,Monday,September Equinox,Season
jordan,2030,22 Nov,Friday,Al Isra' wal Miraj (Tentative Date),Observance
jordan,2030,21 Dec,Saturday,December Solstice,Season
jordan,2030,25 Dec,Wednesday,Christmas Day,National holiday
jordan,2030,26 Dec,Thursday,Boxing Day,Optional Holiday
jordan,2030,26 Dec,Thursday,Ramadan begins (Tentative Date),Observance
jordan,2031,1 Jan,Wednesday,New Year's Day,National holiday
jordan,2031,24 Jan,Friday,Eid al-Fitr (Tentative Date),National holiday
jordan,2031,25 Jan,Saturday,Eid al-Fitr holiday (Tentative Date),National holiday
jordan,2031,26 Jan,Sunday,Eid al-Fitr holiday (Tentative Date),National holiday
jordan,2031,27 Jan,Monday,Eid al-Fitr holiday (Tentative Date),National holiday
jordan,2031,20 Mar,Thursday,March Equinox,Season
jordan,2031,1 Apr,Tuesday,Arafah (Tentative Date),National holiday
jordan,2031,2 Apr,Wednesday,Eid al-Adha (Tentative Date),National holiday
jordan,2031,3 Apr,Thursday,Eid al-Adha holiday (Tentative Date),National holiday
jordan,2031,4 Apr,Friday,Eid al-Adha holiday (Tentative Date),National holiday
jordan,2031,5 Apr,Saturday,Eid al-Adha holiday (Tentative Date),National holiday
jordan,2031,6 Apr,Sunday,Palm Sunday,Optional Holiday
jordan,2031,11 Apr,Friday,Orthodox Good Friday,Observance
jordan,2031,11 Apr,Friday,Good Friday,Observance
jordan,2031,13 Apr,Sunday,Easter Sunday,Observance
jordan,2031,13 Apr,Sunday,Orthodox Easter Day,Optional Holiday
jordan,2031,14 Apr,Monday,Easter Monday,Observance
jordan,2031,14 Apr,Monday,Orthodox Easter Monday,Optional Holiday
jordan,2031,23 Apr,Wednesday,Muharram/New Year (Tentative Date),National holiday
jordan,2031,1 May,Thursday,Labour Day,National holiday
jordan,2031,25 May,Sunday,Independence Day,National holiday
jordan,2031,21 Jun,Saturday,June Solstice,Season
jordan,2031,2 Jul,Wednesday,Prophet's Birthday (Tentative Date),National holiday
jordan,2031,23 Sep,Tuesday,September Equinox,Season
jordan,2031,12 Nov,Wednesday,Al Isra' wal Miraj (Tentative Date),Observance
jordan,2031,15 Dec,Monday,Ramadan begins (Tentative Date),Observance
jordan,2031,22 Dec,Monday,December Solstice,Season
jordan,2031,25 Dec,Thursday,Christmas Day,National holiday
jordan,2031,26 Dec,Friday,Boxing Day,Optional Holiday
jordan,2032,1 Jan,Thursday,New Year's Day,National holiday
jordan,2032,14 Jan,Wednesday,Eid al-Fitr (Tentative Date),National holiday
jordan,2032,15 Jan,Thursday,Eid al-Fitr holiday (Tentative Date),National holiday
jordan,2032,16 Jan,Friday,Eid al-Fitr holiday (Tentative Date),National holiday
jordan,2032,17 Jan,Saturday,Eid al-Fitr holiday (Tentative Date),National holiday
jordan,2032,20 Mar,Saturday,March Equinox,Season
jordan,2032,21 Mar,Sunday,Palm Sunday,Optional Holiday
jordan,2032,21 Mar,Sunday,Arafah (Tentative Date),National holiday
jordan,2032,22 Mar,Monday,Eid al-Adha (Tentative Date),National holiday
jordan,2032,23 Mar,Tuesday,Eid al-Adha holiday (Tentative Date),National holiday
jordan,2032,24 Mar,Wednesday,Eid al-Adha holiday (Tentative Date),National holiday
jordan,2032,25 Mar,Thursday,Eid al-Adha holiday (Tentative Date),National holiday
jordan,2032,26 Mar,Friday,Good Friday,Observance
jordan,2032,28 Mar,Sunday,Easter Sunday,Observance
jordan,2032,29 Mar,Monday,Easter Monday,Observance
jordan,2032,11 Apr,Sunday,Muharram/New Year (Tentative Date),National holiday
jordan,2032,30 Apr,Friday,Orthodox Good Friday,Observance
jordan,2032,1 May,Saturday,Labour Day,National holiday
jordan,2032,2 May,Sunday,Orthodox Easter Day,Optional Holiday
jordan,2032,3 May,Monday,Orthodox Easter Monday,Optional Holiday
jordan,2032,25 May,Tuesday,Independence Day,National holiday
jordan,2032,20 Jun,Sunday,Prophet's Birthday (Tentative Date),National holiday
jordan,2032,20 Jun,Sunday,June Solstice,Season
jordan,2032,22 Sep,Wednesday,September Equinox,Season
jordan,2032,31 Oct,Sunday,Al Isra' wal Miraj (Tentative Date),Observance
jordan,2032,4 Dec,Saturday,Ramadan begins (Tentative Date),Observance
jordan,2032,21 Dec,Tuesday,December Solstice,Season
jordan,2032,25 Dec,Saturday,Christmas Day,National holiday
jordan,2032,26 Dec,Sunday,Boxing Day,Optional Holiday
jordan,2033,1 Jan,Saturday,New Year's Day,National holiday
jordan,2033,2 Jan,Sunday,Eid al-Fitr (Tentative Date),National holiday
jordan,2033,3 Jan,Monday,Eid al-Fitr holiday (Tentative Date),National holiday
jordan,2033,4 Jan,Tuesday,Eid al-Fitr holiday (Tentative Date),National holiday
jordan,2033,5 Jan,Wednesday,Eid al-Fitr holiday (Tentative Date),National holiday
jordan,2033,10 Mar,Thursday,Arafah (Tentative Date),National holiday
jordan,2033,11 Mar,Friday,Eid al-Adha (Tentative Date),National holiday
jordan,2033,12 Mar,Saturday,Eid al-Adha holiday (Tentative Date),National holiday
jordan,2033,13 Mar,Sunday,Eid al-Adha holiday (Tentative Date),National holiday
jordan,2033,14 Mar,Monday,Eid al-Adha holiday (Tentative Date),National holiday
jordan,2033,20 Mar,Sunday,March Equinox,Season
jordan,2033,1 Apr,Friday,Muharram/New Year (Tentative Date),National holiday
jordan,2033,10 Apr,Sunday,Palm Sunday,Optional Holiday
jordan,2033,15 Apr,Friday,Good Friday,Observance
jordan,2033,17 Apr,Sunday,Easter Sunday,Observance
jordan,2033,18 Apr,Monday,Easter Monday,Observance
jordan,2033,22 Apr,Friday,Orthodox Good Friday,Observance
jordan,2033,24 Apr,Sunday,Orthodox Easter Day,Optional Holiday
jordan,2033,25 Apr,Monday,Orthodox Easter Monday,Optional Holiday
jordan,2033,1 May,Sunday,Labour Day,National holiday
jordan,2033,25 May,Wednesday,Independence Day,National holiday
jordan,2033,10 Jun,Friday,Prophet's Birthday (Tentative Date),National holiday
jordan,2033,21 Jun,Tuesday,June Solstice,Season
jordan,2033,22 Sep,Thursday,September Equinox,Season
jordan,2033,20 Oct,Thursday,Al Isra' wal Miraj (Tentative Date),Observance
jordan,2033,23 Nov,Wednesday,Ramadan begins (Tentative Date),Observance
jordan,2033,21 Dec,Wednesday,December Solstice,Season
jordan,2033,23 Dec,Friday,Eid al-Fitr (Tentative Date),National holiday
jordan,2033,24 Dec,Saturday,Eid al-Fitr holiday (Tentative Date),National holiday
jordan,2033,25 Dec,Sunday,Christmas Day,National holiday
jordan,2033,25 Dec,Sunday,Eid al-Fitr holiday (Tentative Date),National holiday
jordan,2033,26 Dec,Monday,Boxing Day,Optional Holiday
jordan,2033,26 Dec,Monday,Eid al-Fitr holiday (Tentative Date),National holiday
jordan,2034,1 Jan,Sunday,New Year's Day,National holiday
jordan,2034,28 Feb,Tuesday,Arafah (Tentative Date),National holiday
jordan,2034,1 Mar,Wednesday,Eid al-Adha (Tentative Date),National holiday
jordan,2034,2 Mar,Thursday,Eid al-Adha holiday (Tentative Date),National holiday
jordan,2034,3 Mar,Friday,Eid al-Adha holiday (Tentative Date),National holiday
jordan,2034,4 Mar,Saturday,Eid al-Adha holiday (Tentative Date),National holiday
jordan,2034,20 Mar,Monday,March Equinox,Season
jordan,2034,21 Mar,Tuesday,Muharram/New Year (Tentative Date),National holiday
jordan,2034,2 Apr,Sunday,Palm Sunday,Optional Holiday
jordan,2034,7 Apr,Friday,Orthodox Good Friday,Observance
jordan,2034,7 Apr,Friday,Good Friday,Observance
jordan,2034,9 Apr,Sunday,Easter Sunday,Observance
jordan,2034,9 Apr,Sunday,Orthodox Easter Day,Optional Holiday
jordan,2034,10 Apr,Monday,Easter Monday,Observance
jordan,2034,10 Apr,Monday,Orthodox Easter Monday,Optional Holiday
jordan,2034,1 May,Monday,Labour Day,National holiday
jordan,2034,25 May,Thursday,Independence Day,National holiday
jordan,2034,30 May,Tuesday,Prophet's Birthday (Tentative Date),National holiday
jordan,2034,21 Jun,Wednesday,June Solstice,Season
jordan,2034,23 Sep,Saturday,September Equinox,Season
jordan,2034,9 Oct,Monday,Al Isra' wal Miraj (Tentative Date),Observance
jordan,2034,12 Nov,Sunday,Ramadan begins (Tentative Date),Observance
jordan,2034,12 Dec,Tuesday,Eid al-Fitr (Tentative Date),National holiday
jordan,2034,13 Dec,Wednesday,Eid al-Fitr holiday (Tentative Date),National holiday
jordan,2034,14 Dec,Thursday,Eid al-Fitr holiday (Tentative Date),National holiday
jordan,2034,15 Dec,Friday,Eid al-Fitr holiday (Tentative Date),National holiday
jordan,2034,21 Dec,Thursday,December Solstice,Season
jordan,2034,25 Dec,Monday,Christmas Day,National holiday
jordan,2034,26 Dec,Tuesday,Boxing Day,Optional Holiday
jordan,2035,1 Jan,Monday,New Year's Day,National holiday
jordan,2035,17 Feb,Saturday,Arafah (Tentative Date),National holiday
jordan,2035,18 Feb,Sunday,Eid al-Adha (Tentative Date),National holiday
jordan,2035,19 Feb,Monday,Eid al-Adha holiday (Tentative Date),National holiday
jordan,2035,20 Feb,Tuesday,Eid al-Adha holiday (Tentative Date),National holiday
jordan,2035,21 Feb,Wednesday,Eid al-Adha holiday (Tentative Date),National holiday
jordan,2035,11 Mar,Sunday,Muharram/New Year (Tentative Date),National holiday
jordan,2035,18 Mar,Sunday,Palm Sunday,Optional Holiday
jordan,2035,20 Mar,Tuesday,March Equinox,Season
jordan,2035,23 Mar,Friday,Good Friday,Observance
jordan,2035,25 Mar,Sunday,Easter Sunday,Observance
jordan,2035,26 Mar,Monday,Easter Monday,Observance
jordan,2035,27 Apr,Friday,Orthodox Good Friday,Observance
jordan,2035,29 Apr,Sunday,Orthodox Easter Day,Optional Holiday
jordan,2035,30 Apr,Monday,Orthodox Easter Monday,Optional Holiday
jordan,2035,1 May,Tuesday,Labour Day,National holiday
jordan,2035,20 May,Sunday,Prophet's Birthday (Tentative Date),National holiday
jordan,2035,25 May,Friday,Independence Day,National holiday
jordan,2035,21 Jun,Thursday,June Solstice,Season
jordan,2035,23 Sep,Sunday,September Equinox,Season
jordan,2035,28 Sep,Friday,Al Isra' wal Miraj (Tentative Date),Observance
jordan,2035,1 Nov,Thursday,Ramadan begins (Tentative Date),Observance
jordan,2035,1 Dec,Saturday,Eid al-Fitr (Tentative Date),National holiday
jordan,2035,2 Dec,Sunday,Eid al-Fitr holiday (Tentative Date),National holiday
jordan,2035,3 Dec,Monday,Eid al-Fitr holiday (Tentative Date),National holiday
jordan,2035,4 Dec,Tuesday,Eid al-Fitr holiday (Tentative Date),National holiday
jordan,2035,22 Dec,Saturday,December Solstice,Season
jordan,2035,25 Dec,Tuesday,Christmas Day,National holiday
jordan,2035,26 Dec,Wednesday,Boxing Day,Optional Holiday
jordan,2036,1 Jan,Tuesday,New Year's Day,National holiday
jordan,2036,6 Feb,Wednesday,Arafah (Tentative Date),National holiday
jordan,2036,7 Feb,Thursday,Eid al-Adha (Tentative Date),National holiday
jordan,2036,8 Feb,Friday,Eid al-Adha holiday (Tentative Date),National holiday
jordan,2036,9 Feb,Saturday,Eid al-Adha holiday (Tentative Date),National holiday
jordan,2036,10 Feb,Sunday,Eid al-Adha holiday (Tentative Date),National holiday
jordan,2036,28 Feb,Thursday,Muharram/New Year (Tentative Date),National holiday
jordan,2036,20 Mar,Thursday,March Equinox,Season
jordan,2036,6 Apr,Sunday,Palm Sunday,Optional Holiday
jordan,2036,11 Apr,Friday,Good Friday,Observance
jordan,2036,13 Apr,Sunday,Easter Sunday,Observance
jordan,2036,14 Apr,Monday,Easter Monday,Observance
jordan,2036,18 Apr,Friday,Orthodox Good Friday,Observance
jordan,2036,20 Apr,Sunday,Orthodox Easter Day,Optional Holiday
jordan,2036,21 Apr,Monday,Orthodox Easter Monday,Optional Holiday
jordan,2036,1 May,Thursday,Labour Day,National holiday
jordan,2036,8 May,Thursday,Prophet's Birthday (Tentative Date),National holiday
jordan,2036,25 May,Sunday,Independence Day,National holiday
jordan,2036,20 Jun,Friday,June Solstice,Season
jordan,2036,17 Sep,Wednesday,Al Isra' wal Miraj (Tentative Date),Observance
jordan,2036,22 Sep,Monday,September Equinox,Season
jordan,2036,20 Oct,Monday,Ramadan begins (Tentative Date),Observance
jordan,2036,19 Nov,Wednesday,Eid al-Fitr (Tentative Date),National holiday
jordan,2036,20 Nov,Thursday,Eid al-Fitr holiday (Tentative Date),National holiday
jordan,2036,21 Nov,Friday,Eid al-Fitr holiday (Tentative Date),National holiday
jordan,2036,22 Nov,Saturday,Eid al-Fitr holiday (Tentative Date),National holiday
jordan,2036,21 Dec,Sunday,December Solstice,Season
jordan,2036,25 Dec,Thursday,Christmas Day,National holiday
jordan,2036,26 Dec,Friday,Boxing Day,Optional Holiday
jordan,2037,1 Jan,Thursday,New Year's Day,National holiday
jordan,2037,25 Jan,Sunday,Arafah (Tentative Date),National holiday
jordan,2037,26 Jan,Monday,Eid al-Adha (Tentative Date),National holiday
jordan,2037,27 Jan,Tuesday,Eid al-Adha holiday (Tentative Date),National holiday
jordan,2037,28 Jan,Wednesday,Eid al-Adha holiday (Tentative Date),National holiday
jordan,2037,29 Jan,Thursday,Eid al-Adha holiday (Tentative Date),National holiday
jordan,2037,16 Feb,Monday,Muharram/New Year (Tentative Date),National holiday
jordan,2037,20 Mar,Friday,March Equinox,Season
jordan,2037,29 Mar,Sunday,Palm Sunday,Optional Holiday
jordan,2037,3 Apr,Friday,Orthodox Good Friday,Observance
jordan,2037,3 Apr,Friday,Good Friday,Observance
jordan,2037,5 Apr,Sunday,Easter Sunday,Observance
jordan,2037,5 Apr,Sunday,Orthodox Easter Day,Optional Holiday
jordan,2037,6 Apr,Monday,Easter Monday,Observance
jordan,2037,6 Apr,Monday,Orthodox Easter Monday,Optional Holiday
jordan,2037,28 Apr,Tuesday,Prophet's Birthday (Tentative Date),National holiday
jordan,2037,1 May,Friday,Labour Day,National holiday
jordan,2037,25 May,Monday,Independence Day,National holiday
jordan,2037,21 Jun,Sunday,June Solstice,Season
jordan,2037,6 Sep,Sunday,Al Isra' wal Miraj (Tentative Date),Observance
jordan,2037,22 Sep,Tuesday,September Equinox,Season
jordan,2037,10 Oct,Saturday,Ramadan begins (Tentative Date),Observance
jordan,2037,8 Nov,Sunday,Eid al-Fitr (Tentative Date),National holiday
jordan,2037,9 Nov,Monday,Eid al-Fitr holiday (Tentative Date),National holiday
jordan,2037,10 Nov,Tuesday,Eid al-Fitr holiday (Tentative Date),National holiday
jordan,2037,11 Nov,Wednesday,Eid al-Fitr holiday (Tentative Date),National holiday
jordan,2037,21 Dec,Monday,December Solstice,Season
jordan,2037,25 Dec,Friday,Christmas Day,National holiday
jordan,2037,26 Dec,Saturday,Boxing Day,Optional Holiday
jordan,2038,1 Jan,Friday,New Year's Day,National holiday
jordan,2038,15 Jan,Friday,Arafah (Tentative Date),National holiday
jordan,2038,16 Jan,Saturday,Eid al-Adha (Tentative Date),National holiday
jordan,2038,17 Jan,Sunday,Eid al-Adha holiday (Tentative Date),National holiday
jordan,2038,18 Jan,Monday,Eid al-Adha holiday (Tentative Date),National holiday
jordan,2038,19 Jan,Tuesday,Eid al-Adha holiday (Tentative Date),National holiday
jordan,2038,5 Feb,Friday,Muharram/New Year (Tentative Date),National holiday
jordan,2038,20 Mar,Saturday,March Equinox,Season
jordan,2038,17 Apr,Saturday,Prophet's Birthday (Tentative Date),National holiday
jordan,2038,18 Apr,Sunday,Palm Sunday,Optional Holiday
jordan,2038,23 Apr,Friday,Orthodox Good Friday,Observance
jordan,2038,23 Apr,Friday,Good Friday,Observance
jordan,2038,25 Apr,Sunday,Easter Sunday,Observance
jordan,2038,25 Apr,Sunday,Orthodox Easter Day,Optional Holiday
jordan,2038,26 Apr,Monday,Easter Monday,Observance
jordan,2038,26 Apr,Monday,Orthodox Easter Monday,Optional Holiday
jordan,2038,1 May,Saturday,Labour Day,National holiday
jordan,2038,25 May,Tuesday,Independence Day,National holiday
jordan,2038,21 Jun,Monday,June Solstice,Season
jordan,2038,27 Aug,Friday,Al Isra' wal Miraj (Tentative Date),Observance
jordan,2038,23 Sep,Thursday,September Equinox,Season
jordan,2038,29 Sep,Wednesday,Ramadan begins (Tentative Date),Observance
jordan,2038,29 Oct,Friday,Eid al-Fitr (Tentative Date),National holiday
jordan,2038,30 Oct,Saturday,Eid al-Fitr holiday (Tentative Date),National holiday
jordan,2038,31 Oct,Sunday,Eid al-Fitr holiday (Tentative Date),National holiday
jordan,2038,1 Nov,Monday,Eid al-Fitr holiday (Tentative Date),National holiday
jordan,2038,21 Dec,Tuesday,December Solstice,Season
jordan,2038,25 Dec,Saturday,Christmas Day,National holiday
jordan,2038,26 Dec,Sunday,Boxing Day,Optional Holiday
jordan,2039,1 Jan,Saturday,New Year's Day,National holiday
jordan,2039,4 Jan,Tuesday,Arafah (Tentative Date),National holiday
jordan,2039,5 Jan,Wednesday,Eid al-Adha (Tentative Date),National holiday
jordan,2039,6 Jan,Thursday,Eid al-Adha holiday (Tentative Date),National holiday
jordan,2039,7 Jan,Friday,Eid al-Adha holiday (Tentative Date),National holiday
jordan,2039,8 Jan,Saturday,Eid al-Adha holiday (Tentative Date),National holiday
jordan,2039,26 Jan,Wednesday,Muharram/New Year (Tentative Date),National holiday
jordan,2039,20 Mar,Sunday,March Equinox,Season
jordan,2039,3 Apr,Sunday,Palm Sunday,Optional Holiday
jordan,2039,6 Apr,Wednesday,Prophet's Birthday (Tentative Date),National holiday
jordan,2039,8 Apr,Friday,Good Friday,Observance
jordan,2039,10 Apr,Sunday,Easter Sunday,Observance
jordan,2039,11 Apr,Monday,Easter Monday,Observance
jordan,2039,15 Apr,Friday,Orthodox Good Friday,Observance
jordan,2039,17 Apr,Sunday,Orthodox Easter Day,Optional Holiday
jordan,2039,18 Apr,Monday,Orthodox Easter Monday,Optional Holiday
jordan,2039,1 May,Sunday,Labour Day,National holiday
jordan,2039,25 May,Wednesday,Independence Day,National holiday
jordan,2039,21 Jun,Tuesday,June Solstice,Season
jordan,2039,16 Aug,Tuesday,Al Isra' wal Miraj (Tentative Date),Observance
jordan,2039,19 Sep,Monday,Ramadan begins (Tentative Date),Observance
jordan,2039,23 Sep,Friday,September Equinox,Season
jordan,2039,19 Oct,Wednesday,Eid al-Fitr (Tentative Date),National holiday
jordan,2039,20 Oct,Thursday,Eid al-Fitr holiday (Tentative Date),National holiday
jordan,2039,21 Oct,Friday,Eid al-Fitr holiday (Tentative Date),National holiday
jordan,2039,22 Oct,Saturday,Eid al-Fitr holiday (Tentative Date),National holiday
jordan,2039,22 Dec,Thursday,December Solstice,Season
jordan,2039,25 Dec,Sunday,Christmas Day,National holiday
jordan,2039,25 Dec,Sunday,Arafah (Tentative Date),National holiday
jordan,2039,26 Dec,Monday,Boxing Day,Optional Holiday
jordan,2039,26 Dec,Monday,Eid al-Adha (Tentative Date),National holiday
jordan,2039,27 Dec,Tuesday,Eid al-Adha holiday (Tentative Date),National holiday
jordan,2039,28 Dec,Wednesday,Eid al-Adha holiday (Tentative Date),National holiday
jordan,2039,29 Dec,Thursday,Eid al-Adha holiday (Tentative Date),National holiday
jordan,2040,1 Jan,Sunday,New Year's Day,National holiday
jordan,2040,15 Jan,Sunday,Muharram/New Year (Tentative Date),National holiday
jordan,2040,20 Mar,Tuesday,March Equinox,Season
jordan,2040,25 Mar,Sunday,Palm Sunday,Optional Holiday
jordan,2040,25 Mar,Sunday,Prophet's Birthday (Tentative Date),National holiday
jordan,2040,30 Mar,Friday,Good Friday,Observance
jordan,2040,1 Apr,Sunday,Easter Sunday,Observance
jordan,2040,2 Apr,Monday,Easter Monday,Observance
jordan,2040,1 May,Tuesday,Labour Day,National holiday
jordan,2040,4 May,Friday,Orthodox Good Friday,Observance
jordan,2040,6 May,Sunday,Orthodox Easter Day,Optional Holiday
jordan,2040,7 May,Monday,Orthodox Easter Monday,Optional Holiday
jordan,2040,25 May,Friday,Independence Day,National holiday
jordan,2040,20 Jun,Wednesday,June Solstice,Season
jordan,2040,4 Aug,Saturday,Al Isra' wal Miraj (Tentative Date),Observance
jordan,2040,7 Sep,Friday,Ramadan begins (Tentative Date),Observance
jordan,2040,22 Sep,Saturday,September Equinox,Season
jordan,2040,7 Oct,Sunday,Eid al-Fitr (Tentative Date),National holiday
jordan,2040,8 Oct,Monday,Eid al-Fitr holiday (Tentative Date),National holiday
jordan,2040,9 Oct,Tuesday,Eid al-Fitr holiday (Tentative Date),National holiday
jordan,2040,10 Oct,Wednesday,Eid al-Fitr holiday (Tentative Date),National holiday
jordan,2040,13 Dec,Thursday,Arafah (Tentative Date),National holiday
jordan,2040,14 Dec,Friday,Eid al-Adha (Tentative Date),National holiday
jordan,2040,15 Dec,Saturday,Eid al-Adha holiday (Tentative Date),National holiday
jordan,2040,16 Dec,Sunday,Eid al-Adha holiday (Tentative Date),National holiday
jordan,2040,17 Dec,Monday,Eid al-Adha holiday (Tentative Date),National holiday
jordan,2040,21 Dec,Friday,December Solstice,Season
jordan,2040,25 Dec,Tuesday,Christmas Day,National holiday
jordan,2040,26 Dec,Wednesday,Boxing Day,Optional Holiday
